100000,138.47,51.655,97.827,27.98,0.91,124.711,2.666,3.064,41.928,197.76,1.582,1.396,0.2,32.638,1.017,0.381,51.626,2.273,-2.414,16.824,-0.277,258.733,2,67.435,2.15,0.444,46.062,1.24,-2.475,113.497,0.00265331133733,0
100001,160.937,68.768,103.235,48.146,-999.0,-999.0,-999.0,3.473,2.078,125.157,0.879,1.414,-999.0,42.014,2.039,-3.011,36.918,0.501,0.103,44.704,-1.916,164.546,1,46.226,0.725,1.158,-999.0,-999.0,-999.0,46.226,2.23358448717,1
100002,-999.0,162.172,125.953,35.635,-999.0,-999.0,-999.0,3.148,9.336,197.814,3.776,1.414,-999.0,32.154,-0.705,-2.093,121.409,-0.953,1.052,54.283,-2.186,260.414,1,44.251,2.053,-2.028,-999.0,-999.0,-999.0,44.251,2.34738894364,1
100003,143.905,81.417,80.943,0.414,-999.0,-999.0,-999.0,3.31,0.414,75.968,2.354,-1.285,-999.0,22.647,-1.655,0.01,53.321,-0.522,-3.1,31.082,0.06,86.062,0,-999.0,-999.0,-999.0,-999.0,-999.0,-999.0,-0.0,5.44637821192,1
100004,175.864,16.915,134.805,16.405,-999.0,-999.0,-999.0,3.891,16.405,57.983,1.056,-1.385,-999.0,28.209,-2.197,-2.231,29.774,0.798,1.569,2.723,-0.871,53.131,0,-999.0,-999.0,-999.0,-999.0,-999.0,-999.0,0.0,6.24533268686,1
100005,89.744,13.55,59.149,116.344,2.636,284.584,-0.54,1.362,61.619,278.876,0.588,0.479,0.975,53.651,0.371,1.329,31.565,-0.884,1.857,40.735,2.237,282.849,3,90.547,-2.412,-0.653,56.165,0.224,3.106,193.66,0.0834140312717,1
100006,148.754,28.862,107.782,106.13,0.733,158.359,0.113,2.941,2.545,305.967,3.371,1.393,0.791,28.85,1.113,2.409,97.24,0.675,-0.966,38.421,-1.443,294.074,2,123.01,0.864,1.45,56.867,0.131,-2.767,179.877,0.00265331133733,0
100007,154.916,10.418,94.714,29.169,-999.0,-999.0,-999.0,2.897,1.526,138.178,0.365,-1.305,-999.0,78.8,0.654,1.547,28.74,0.506,-1.347,22.275,-1.761,187.299,1,30.638,-0.715,-1.724,-999.0,-999.0,-999.0,30.638,0.018636116672,0
100008,105.594,50.559,100.989,4.288,-999.0,-999.0,-999.0,2.904,4.288,65.333,0.675,-1.366,-999.0,39.008,2.433,-2.532,26.325,0.21,1.884,37.791,0.024,129.804,0,-999.0,-999.0,-999.0,-999.0,-999.0,-999.0,0.0,5.29600298518,1
100009,128.053,88.941,69.272,193.392,-999.0,-999.0,-999.0,1.609,28.859,255.123,0.599,0.538,-999.0,54.646,-1.533,0.416,32.742,-0.317,-0.636,132.678,0.845,294.741,1,167.735,-2.767,-2.514,-999.0,-999.0,-999.0,167.735,0.00150187015894,0
100010,-999.0,86.24,79.692,27.201,-999.0,-999.0,-999.0,2.338,27.201,81.734,1.75,-1.412,-999.0,29.718,-0.866,2.878,52.016,0.126,-1.288,51.276,0.688,250.178,0,-999.0,-999.0,-999.0,-999.0,-999.0,-999.0,0.0,2.29950373735,1
100011,114.744,10.286,75.712,30.816,2.563,252.599,-1.401,2.888,36.745,239.804,1.061,1.364,0.769,35.976,-0.669,-0.342,38.188,-0.165,2.502,22.385,2.148,290.547,3,76.773,-0.79,0.303,56.876,1.773,-2.079,165.64,0.307169523947,1
100012,145.297,64.234,103.565,106.999,-999.0,-999.0,-999.0,2.183,24.66,192.245,0.576,0.689,-999.0,62.89,-0.766,-1.632,36.237,0.722,-0.035,43.91,-1.907,232.362,1,93.117,-0.97,1.943,-999.0,-999.0,-999.0,93.117,1.68161144262,1
100013,82.488,31.663,64.128,8.232,-999.0,-999.0,-999.0,2.823,8.232,58.649,1.303,-1.414,-999.0,25.47,-0.654,-2.99,33.179,-1.665,-0.354,12.439,1.433,163.42,0,-999.0,-999.0,-999.0,-999.0,-999.0,-999.0,0.0,2.18389154017,1
100014,-999.0,109.412,14.398,17.323,-999.0,-999.0,-999.0,0.472,17.323,62.565,1.774,-0.272,-999.0,22.552,1.389,1.34,40.013,1.856,1.412,75.197,-1.583,198.616,0,-999.0,-999.0,-999.0,-999.0,-999.0,-999.0,0.0,2.15119866823,1
100015,111.026,32.096,75.271,23.067,-999.0,-999.0,-999.0,3.205,23.067,69.649,1.276,-1.414,-999.0,30.606,-1.107,-1.903,39.043,-1.944,1.191,19.959,2.415,122.176,0,-999.0,-999.0,-999.0,-999.0,-999.0,-999.0,-0.0,0.018636116672,0
100016,114.256,4.351,67.963,47.221,-999.0,-999.0,-999.0,2.954,26.243,100.93,1.145,0.218,-999.0,30.145,0.484,-0.929,34.522,-0.215,1.941,41.899,2.055,191.568,1,36.263,-0.766,-0.686,-999.0,-999.0,-999.0,36.263,1.45484847268,1
100017,127.861,50.953,77.267,26.967,-999.0,-999.0,-999.0,2.833,26.967,79.503,1.586,1.401,-999.0,30.739,-0.635,2.603,48.764,-0.343,-0.862,17.557,-2.975,211.72,0,-999.0,-999.0,-999.0,-999.0,-999.0,-999.0,0.0,0.00150270483101,0
100018,-999.0,85.186,68.827,5.042,-999.0,-999.0,-999.0,2.116,5.042,71.443,1.558,-1.351,-999.0,27.931,1.175,2.356,43.512,2.332,0.584,44.698,-2.033,151.816,0,-999.0,-999.0,-999.0,-999.0,-999.0,-999.0,0.0,5.12162357847,1
100019,-999.0,88.767,115.058,15.337,-999.0,-999.0,-999.0,2.879,15.337,58.211,0.875,-1.395,-999.0,31.046,1.38,0.451,27.165,-1.486,0.724,72.981,-2.577,115.145,0,-999.0,-999.0,-999.0,-999.0,-999.0,-999.0,-0.0,5.97935067368,1
100020,-999.0,89.705,41.765,18.437,-999.0,-999.0,-999.0,1.395,18.437,57.157,1.082,-1.178,-999.0,27.453,1.58,2.51,29.704,0.341,1.869,67.909,-1.169,225.139,0,-999.0,-999.0,-999.0,-999.0,-999.0,-999.0,0.0,2.19859445131,1
100021,90.736,18.674,60.231,25.156,-999.0,-999.0,-999.0,2.363,25.156,64.833,0.749,-0.8,-999.0,37.06,1.537,-2.616,27.773,1.161,1.335,27.431,0.645,169.061,0,-999.0,-999.0,-999.0,-999.0,-999.0,-999.0,0.0,1.68161144262,1
100022,87.075,38.217,67.041,2.347,-999.0,-999.0,-999.0,2.852,2.347,65.281,1.276,-1.409,-999.0,28.688,1.739,-2.975,36.594,2.367,-0.193,12.556,2.008,68.527,0,-999.0,-999.0,-999.0,-999.0,-999.0,-999.0,0.0,4.56936798721,1
100023,141.481,0.736,111.581,174.075,1.955,364.344,-0.923,1.335,6.663,440.859,0.652,1.042,0.207,98.565,0.19,-1.506,64.285,1.405,-0.952,17.96,-0.973,454.785,2,195.533,1.156,1.416,82.477,-0.798,-2.785,278.009,0.00150270483101,0
100024,110.785,72.927,82.775,30.888,-999.0,-999.0,-999.0,3.032,30.888,77.888,2.581,1.353,-999.0,21.751,-0.709,-1.088,56.137,0.531,1.679,27.318,-0.716,253.577,0,-999.0,-999.0,-999.0,-999.0,-999.0,-999.0,0.0,2.54166564877,1
100025,76.883,34.384,56.993,5.569,-999.0,-999.0,-999.0,2.912,5.569,58.116,1.492,-1.409,-999.0,23.319,-0.081,-0.338,34.797,-0.321,2.564,10.098,-1.397,93.086,0,-999.0,-999.0,-999.0,-999.0,-999.0,-999.0,-0.0,1.68161144262,1
100026,137.197,68.009,78.296,35.332,-999.0,-999.0,-999.0,2.883,0.204,115.081,1.295,1.403,-999.0,34.657,1.587,-2.231,44.897,1.664,1.17,32.07,-2.891,82.224,1,35.527,4.347,-0.169,-999.0,-999.0,-999.0,35.527,0.00150270483101,0
100027,111.271,27.18,70.642,144.766,4.936,1021.322,-5.834,1.795,0.367,309.992,2.848,1.306,0.696,24.899,-0.089,-2.342,70.923,-0.98,-0.783,69.364,-1.173,289.876,2,170.712,-1.961,2.22,43.458,2.974,-0.103,214.17,0.00150270483101,0
100028,118.104,2.633,77.31,91.388,-999.0,-999.0,-999.0,1.976,21.536,159.743,1.172,1.061,-999.0,37.999,-0.214,-2.678,44.523,-1.354,-1.064,39.141,-1.127,175.843,1,77.221,-0.049,1.426,-999.0,-999.0,-999.0,77.221,0.00150270483101,0
100029,98.761,14.024,74.23,132.806,3.676,315.854,-2.665,1.261,23.29,239.33,1.541,1.306,0.982,49.624,-1.093,1.995,76.454,-0.595,0.836,26.438,1.15,357.815,2,80.627,0.993,-2.018,32.625,-2.683,-1.467,113.252,0.309795155685,1
100030,-999.0,91.316,51.771,33.742,-999.0,-999.0,-999.0,1.309,0.876,112.809,1.718,-1.318,-999.0,29.267,-1.346,-0.333,50.292,-2.443,-1.046,44.156,2.595,157.431,1,33.25,-3.199,2.057,-999.0,-999.0,-999.0,33.25,2.33194112835,1
100031,121.681,6.041,73.202,198.114,2.639,295.942,-1.738,1.148,31.017,412.518,0.262,0.838,0.984,126.071,0.953,2.492,32.986,0.231,-2.899,65.09,-2.769,515.415,3,182.449,1.383,0.001,38.006,-1.257,-0.609,253.461,0.00150270483101,0
100032,129.186,64.045,69.499,63.165,5.087,854.799,-6.159,2.745,6.58,203.08,0.769,1.355,0.82,37.764,0.215,0.74,29.054,-0.575,-2.914,45.253,1.204,199.861,2,81.17,3.102,-0.977,55.092,-1.985,3.065,136.262,0.00150270483101,0
100033,123.112,62.758,86.702,39.901,3.16,244.181,-2.139,2.825,9.732,184.194,2.089,1.337,0.929,26.075,-0.175,-0.782,54.476,1.026,2.944,23.618,-1.209,309.43,2,71.127,2.177,0.558,32.515,-0.983,-2.628,103.642,1.13515160396,1
100034,156.894,39.256,122.894,71.682,-999.0,-999.0,-999.0,2.387,29.365,148.381,1.11,0.655,-999.0,48.605,-2.123,-3.018,53.933,-0.456,-1.308,10.096,2.976,195.864,1,45.843,1.131,1.15,-999.0,-999.0,-999.0,45.843,2.38022399978,1
100035,72.712,20.762,50.255,39.263,-999.0,-999.0,-999.0,2.186,21.817,103.596,1.269,1.414,-999.0,25.085,-0.251,3.006,31.832,-0.357,0.823,12.563,1.915,152.875,1,46.679,-1.711,-1.864,-999.0,-999.0,-999.0,46.679,1.68161144262,1
100036,134.153,23.856,100.96,9.377,-999.0,-999.0,-999.0,2.846,9.377,101.789,0.759,-1.405,-999.0,57.869,-0.428,0.614,43.919,-0.1,-2.842,11.797,-1.739,241.281,0,-999.0,-999.0,-999.0,-999.0,-999.0,-999.0,-0.0,0.018636116672,0
100037,155.487,61.072,125.013,2.768,-999.0,-999.0,-999.0,2.908,2.768,123.704,1.176,-1.408,-999.0,56.845,-0.935,2.009,66.859,-1.357,-1.397,16.589,0.923,95.267,0,-999.0,-999.0,-999.0,-999.0,-999.0,-999.0,-0.0,0.018636116672,0
100038,138.362,38.034,99.038,65.021,1.814,275.461,1.506,2.605,97.25,403.267,1.875,0.023,0.0,21.326,1.459,-1.615,39.994,-1.133,-1.869,18.093,-0.299,453.69,3,114.602,0.619,0.165,77.053,2.433,-2.637,341.947,0.018636116672,0
100039,120.506,22.729,88.889,35.999,0.218,167.175,5.17,2.465,32.706,294.349,1.448,1.171,0.0,39.107,-1.081,1.431,56.61,-1.185,-1.032,2.713,1.29,243.867,3,88.399,-2.168,-1.423,77.27,-2.385,1.876,198.632,0.00265331133733,0
100040,109.684,42.664,86.064,0.23,-999.0,-999.0,-999.0,2.745,0.23,82.944,0.939,-1.414,-999.0,42.787,-1.942,-0.574,40.158,-1.218,2.074,20.195,-2.516,59.902,0,-999.0,-999.0,-999.0,-999.0,-999.0,-999.0,0.0,0.018636116672,0
100041,90.833,62.236,53.228,21.581,-999.0,-999.0,-999.0,2.629,21.581,55.182,1.445,-0.797,-999.0,22.566,1.645,-2.03,32.616,1.287,0.574,29.74,-2.484,70.266,0,-999.0,-999.0,-999.0,-999.0,-999.0,-999.0,0.0,2.04995062035,1
100042,122.516,50.183,87.682,102.403,3.28,479.59,-2.564,1.881,0.731,297.49,0.477,1.025,0.631,77.097,-0.303,-2.694,36.746,-0.758,1.764,27.921,-2.719,275.222,2,98.198,1.995,0.961,85.448,-1.285,-0.995,183.646,0.00150270483101,0
100043,132.049,65.682,87.937,0.861,-999.0,-999.0,-999.0,2.952,0.861,87.374,1.542,-1.377,-999.0,34.371,-1.723,-2.546,53.003,-1.181,0.355,21.006,3.141,68.796,0,-999.0,-999.0,-999.0,-999.0,-999.0,-999.0,-0.0,4.68017265605,1
100044,84.86,33.706,67.847,18.079,-999.0,-999.0,-999.0,2.346,18.079,73.32,1.076,-1.367,-999.0,35.311,1.323,2.505,38.009,1.526,-1.44,17.651,-0.023,176.82,0,-999.0,-999.0,-999.0,-999.0,-999.0,-999.0,-0.0,0.0713571365583,1
100045,27.788,68.032,23.53,33.375,1.37,78.189,3.443,0.78,10.201,132.965,1.373,-0.776,0.024,26.365,0.664,1.693,36.2,0.656,2.474,32.195,-0.498,233.334,2,37.734,2.663,-0.491,32.666,1.293,-2.358,70.4,1.91655443992,1
100046,201.473,23.002,104.041,60.49,4.437,491.375,-4.916,2.968,1.786,247.731,0.257,1.408,0.688,102.618,-1.475,2.409,26.334,-1.281,-0.913,47.249,-1.577,337.398,2,86.447,-2.142,0.298,32.332,2.295,-2.273,118.779,0.018636116672,0
100047,130.079,53.335,97.435,1.382,-999.0,-999.0,-999.0,3.023,1.382,93.255,1.32,-1.403,-999.0,40.193,-1.06,-0.659,53.062,-0.374,2.681,14.532,0.104,118.867,0,-999.0,-999.0,-999.0,-999.0,-999.0,-999.0,0.0,0.018636116672,0
100048,167.534,41.277,123.308,9.909,-999.0,-999.0,-999.0,2.776,9.909,124.886,0.713,-1.406,-999.0,72.924,-0.14,0.934,51.962,0.266,-2.603,23.577,-1.342,319.578,0,-999.0,-999.0,-999.0,-999.0,-999.0,-999.0,0.0,1.7409752852,1
100049,95.407,21.584,67.766,1.482,-999.0,-999.0,-999.0,3.042,1.482,67.894,1.087,-1.414,-999.0,32.531,0.801,1.014,35.363,0.826,-2.227,4.67,-0.233,70.691,0,-999.0,-999.0,-999.0,-999.0,-999.0,-999.0,0.0,0.018636116672,0
100050,219.057,72.461,124.835,5.506,-999.0,-999.0,-999.0,3.771,46.936,122.986,1.932,-1.382,-999.0,24.759,-1.063,0.332,47.83,1.347,-2.569,28.499,0.96,90.355,1,50.396,-0.708,-0.642,-999.0,-999.0,-999.0,50.396,2.94211761024,1
100051,104.142,37.94,69.029,50.58,3.941,411.813,-1.86,2.448,4.194,185.688,0.989,1.407,0.991,35.311,0.948,-2.167,34.912,1.605,1.758,24.104,-3.099,202.281,2,69.371,-0.548,0.57,46.094,3.392,-1.725,115.465,0.00150270483101,0
100052,-999.0,83.924,136.152,40.286,-999.0,-999.0,-999.0,3.111,40.286,67.818,1.884,-0.574,-999.0,23.515,-1.272,-1.525,44.302,1.66,-2.567,41.305,0.183,104.743,0,-999.0,-999.0,-999.0,-999.0,-999.0,-999.0,-0.0,6.8839427672,1
100053,-999.0,98.947,85.408,1.578,-999.0,-999.0,-999.0,2.598,1.578,89.173,2.074,-1.331,-999.0,29.005,0.167,-0.454,60.168,0.918,2.033,42.635,-1.54,146.821,0,-999.0,-999.0,-999.0,-999.0,-999.0,-999.0,-0.0,5.04146846913,1
100054,219.292,74.6,177.143,2.423,-999.0,-999.0,-999.0,4.054,2.423,71.678,1.841,-1.337,-999.0,25.232,1.099,-2.41,46.447,-2.127,1.419,31.593,-1.263,106.965,0,-999.0,-999.0,-999.0,-999.0,-999.0,-999.0,0.0,6.98825587467,1
100055,51.025,50.315,46.006,1.303,-999.0,-999.0,-999.0,2.109,1.303,52.149,1.155,-1.411,-999.0,24.198,0.872,-2.822,27.952,0.457,-0.755,28.169,1.469,54.023,0,-999.0,-999.0,-999.0,-999.0,-999.0,-999.0,-0.0,4.38780746053,1
100056,-999.0,110.686,65.448,49.395,0.482,24.02,7.901,2.893,26.385,138.2,2.106,-1.393,0.0,21.631,-0.767,-1.698,45.546,-0.107,1.769,73.398,-0.785,185.682,2,40.581,-3.062,2.144,30.442,-2.58,2.396,71.023,2.15593977192,1
100057,148.523,31.911,97.497,171.074,1.209,262.61,-0.067,1.423,20.859,420.089,1.018,0.558,0.0,73.982,-1.987,-2.864,75.348,-1.992,-1.441,86.93,-1.044,521.36,2,214.449,-0.058,1.525,56.31,1.151,-1.743,270.759,0.00150270483101,0
100058,104.221,13.816,71.225,27.029,-999.0,-999.0,-999.0,2.836,27.029,70.783,1.005,1.389,-999.0,35.306,-2.443,-2.933,35.478,-2.046,-0.125,17.674,-0.684,149.85,0,-999.0,-999.0,-999.0,-999.0,-999.0,-999.0,0.0,0.00150270483101,0
100059,73.819,83.737,60.659,43.435,1.494,162.191,-0.546,1.576,45.807,273.216,2.027,-1.34,0.001,30.0,2.02,-1.803,60.803,1.905,2.908,39.933,0.877,283.314,3,80.042,-0.856,1.304,52.501,0.638,-1.114,182.413,0.74405624723,1
100060,103.646,40.918,64.244,135.726,0.68,73.056,1.649,1.524,18.535,305.027,0.517,1.287,0.959,61.114,-0.595,1.353,31.599,-1.398,2.648,59.825,1.668,402.277,3,78.174,-1.668,-0.978,58.097,-0.989,-1.727,212.314,0.00150270483101,0
100061,122.934,73.141,68.069,4.647,-999.0,-999.0,-999.0,2.992,4.647,74.409,2.326,-1.361,-999.0,22.375,0.805,-1.579,52.034,0.814,1.413,25.922,-1.913,89.716,0,-999.0,-999.0,-999.0,-999.0,-999.0,-999.0,0.0,0.018636116672,0
100062,139.394,71.611,78.711,28.947,-999.0,-999.0,-999.0,2.945,2.399,110.117,1.594,1.397,-999.0,30.409,2.452,-0.472,48.47,1.948,2.429,30.839,0.061,162.628,1,31.238,-2.123,-2.415,-999.0,-999.0,-999.0,31.238,2.02282887771,1
100063,92.065,65.274,53.52,28.173,-999.0,-999.0,-999.0,2.738,28.173,54.346,1.202,-1.304,-999.0,24.676,-0.828,1.37,29.67,-0.541,-2.19,36.512,0.692,84.621,0,-999.0,-999.0,-999.0,-999.0,-999.0,-999.0,0.0,4.3775733904,1
100064,92.696,51.669,68.835,39.384,-999.0,-999.0,-999.0,2.513,15.701,123.58,2.285,1.329,-999.0,23.815,-0.034,3.075,54.41,-0.249,-0.705,16.44,-2.79,215.024,1,45.355,-0.977,1.973,-999.0,-999.0,-999.0,45.355,1.68161144262,1
100065,83.081,63.334,60.631,38.653,-999.0,-999.0,-999.0,2.077,0.91,111.277,1.715,0.089,-999.0,26.803,1.979,-3.099,45.97,2.125,-1.027,23.701,2.686,214.474,1,38.504,2.526,0.914,-999.0,-999.0,-999.0,38.504,0.991912782017,1
100066,123.715,57.088,81.811,53.612,-999.0,-999.0,-999.0,3.043,53.612,82.428,0.562,1.404,-999.0,52.772,2.288,2.793,29.656,1.748,-0.495,30.361,-3.01,222.183,0,-999.0,-999.0,-999.0,-999.0,-999.0,-999.0,-0.0,1.45484847268,1
100067,94.229,78.683,69.352,25.679,-999.0,-999.0,-999.0,2.507,25.679,71.802,1.481,-0.909,-999.0,28.94,1.102,-2.445,42.862,0.519,1.4,36.135,-1.794,218.411,0,-999.0,-999.0,-999.0,-999.0,-999.0,-999.0,0.0,4.66794722056,1
100068,88.532,16.345,50.14,95.309,4.557,580.126,-3.436,1.771,34.156,187.654,1.29,1.306,0.585,26.665,-1.201,0.175,34.406,-0.344,1.725,52.175,1.337,326.007,2,83.996,-0.953,-1.522,42.588,3.604,-2.122,126.584,0.0713571365583,1
100069,101.675,72.911,49.453,42.633,-999.0,-999.0,-999.0,2.605,42.633,51.687,1.302,0.136,-999.0,22.455,1.337,1.183,29.231,1.411,-1.421,46.471,1.425,126.9,0,-999.0,-999.0,-999.0,-999.0,-999.0,-999.0,0.0,1.68161144262,1
100070,120.253,30.144,82.176,38.736,3.918,407.579,-3.457,2.551,46.301,243.103,1.017,1.4,0.434,39.923,1.963,0.062,40.602,1.174,-2.364,11.126,-0.788,337.559,3,59.401,1.342,-0.369,53.711,-2.577,2.14,162.577,0.00150270483101,0
100071,-999.0,70.619,81.224,23.097,-999.0,-999.0,-999.0,1.724,23.097,122.205,0.304,-1.178,-999.0,93.741,0.675,0.441,28.464,1.294,2.05,75.369,-2.499,169.293,0,-999.0,-999.0,-999.0,-999.0,-999.0,-999.0,-0.0,0.00150187015894,0
100072,96.906,71.751,74.602,39.664,-999.0,-999.0,-999.0,2.348,14.617,107.103,0.984,-0.875,-999.0,35.66,0.557,-1.441,35.076,1.736,2.811,36.787,-0.432,148.77,1,36.367,-1.891,1.316,-999.0,-999.0,-999.0,36.367,2.13327544159,1
100073,92.222,16.05,64.769,3.422,-999.0,-999.0,-999.0,2.824,3.422,66.948,0.662,-1.39,-999.0,40.271,-2.097,1.567,26.677,-2.163,-1.256,13.736,-2.121,124.752,0,-999.0,-999.0,-999.0,-999.0,-999.0,-999.0,0.0,0.018636116672,0
100074,-999.0,65.71,56.525,1.118,-999.0,-999.0,-999.0,2.012,1.118,66.151,1.174,-1.407,-999.0,30.428,1.804,1.066,35.723,2.193,-0.908,36.227,3.073,123.357,0,-999.0,-999.0,-999.0,-999.0,-999.0,-999.0,-0.0,4.38741746703,1
100075,98.597,41.715,78.618,3.375,-999.0,-999.0,-999.0,2.409,3.375,86.58,0.62,-1.359,-999.0,53.443,-0.714,1.477,33.137,-0.668,-0.932,36.055,-2.228,135.433,0,-999.0,-999.0,-999.0,-999.0,-999.0,-999.0,-0.0,0.00150187015894,0
100076,239.551,118.683,193.111,6.549,-999.0,-999.0,-999.0,2.857,6.549,181.614,1.246,-1.398,-999.0,80.853,0.563,-1.877,100.761,1.4,0.855,39.99,-3.012,170.842,0,-999.0,-999.0,-999.0,-999.0,-999.0,-999.0,0.0,2.10839475151,1
100077,86.629,33.856,67.5,49.081,2.978,229.16,-1.67,1.951,17.799,204.93,1.273,-0.7,0.422,28.542,-0.476,2.973,36.328,-2.124,1.929,12.569,0.1,215.393,3,56.951,0.749,-0.296,42.88,-2.229,-2.825,140.06,0.307169523947,1
100078,132.35,65.858,106.57,124.84,5.822,1558.773,-8.423,1.931,34.787,303.37,3.479,-0.24,0.998,29.167,1.769,1.972,101.483,0.362,-2.989,37.422,-1.862,325.373,2,101.934,3.139,0.444,70.786,-2.683,-0.567,172.721,0.00150270483101,0
100079,123.29,52.954,76.946,129.157,-999.0,-999.0,-999.0,1.769,26.758,224.796,0.427,1.286,-999.0,76.021,0.184,-1.902,32.459,0.083,2.615,52.567,-2.277,273.452,1,116.316,-1.171,0.641,-999.0,-999.0,-999.0,116.316,0.00265331133733,0
100080,84.608,50.05,63.451,0.658,-999.0,-999.0,-999.0,2.961,0.658,57.911,1.655,-1.375,-999.0,21.816,2.445,-0.567,36.095,1.377,2.954,18.405,0.296,29.742,0,-999.0,-999.0,-999.0,-999.0,-999.0,-999.0,0.0,5.09924550525,1
100081,-999.0,65.312,50.047,0.515,-999.0,-999.0,-999.0,2.13,74.884,132.893,1.709,-1.372,-999.0,21.429,0.266,-0.062,36.623,0.718,2.02,32.276,-1.758,32.944,1,74.841,0.616,-1.564,-999.0,-999.0,-999.0,74.841,1.68161144262,1
100082,166.64,15.868,80.477,77.915,1.575,215.121,-0.544,2.871,28.035,410.568,0.691,1.31,0.159,39.441,-0.64,-2.622,27.269,0.793,1.174,69.34,1.541,453.141,3,85.392,-1.062,0.166,81.559,0.513,-2.255,343.858,0.00150270483101,0
100083,145.99,68.862,97.342,28.538,4.664,396.915,-5.149,3.088,24.909,174.47,2.139,1.41,0.677,31.234,-0.185,2.945,66.796,-0.917,-0.056,20.804,2.299,198.904,2,39.577,2.871,-2.316,36.863,-1.793,1.295,76.44,1.08294034035,1
100084,99.668,25.986,60.637,192.267,1.048,231.346,-0.273,1.405,37.955,435.679,3.282,0.677,0.475,23.845,-0.56,1.128,78.248,0.418,0.119,105.389,-0.168,392.838,3,176.49,-0.558,2.664,73.566,0.49,-1.616,333.586,0.358539992008,1
100085,-999.0,71.692,52.779,2.705,-999.0,-999.0,-999.0,1.985,2.705,50.751,1.533,-1.349,-999.0,20.039,-0.33,-2.606,30.712,-1.988,-1.514,43.206,1.27,72.211,0,-999.0,-999.0,-999.0,-999.0,-999.0,-999.0,-0.0,5.57171162468,1
100086,199.9,78.686,167.085,77.236,-999.0,-999.0,-999.0,2.934,17.233,172.545,1.785,-0.112,-999.0,30.651,-0.735,0.131,54.696,2.183,0.439,43.135,2.327,277.402,1,87.198,-2.031,-2.452,-999.0,-999.0,-999.0,87.198,3.08093077511,1
100087,92.079,42.327,71.28,29.118,-999.0,-999.0,-999.0,2.322,29.118,73.226,1.257,-1.284,-999.0,32.441,0.71,-0.658,40.785,-0.107,-2.831,28.662,2.117,146.893,0,-999.0,-999.0,-999.0,-999.0,-999.0,-999.0,-0.0,2.01195552863,1
100088,117.247,102.167,79.738,34.164,-999.0,-999.0,-999.0,3.23,1.991,108.514,2.485,1.403,-999.0,21.432,0.105,-3.107,53.255,1.292,0.172,53.22,2.743,111.693,1,33.828,-0.454,-1.074,-999.0,-999.0,-999.0,33.828,2.38829750344,1
100089,235.976,55.918,175.744,39.662,-999.0,-999.0,-999.0,2.69,3.627,193.94,0.618,-1.101,-999.0,94.921,-0.567,2.08,58.684,0.803,-1.888,68.732,-0.977,290.533,1,40.334,-0.965,0.94,-999.0,-999.0,-999.0,40.334,0.74405624723,1
100090,151.45,39.326,108.268,19.727,0.726,179.399,0.873,3.387,4.789,305.546,1.239,1.414,0.0,36.337,0.71,-0.014,45.014,2.317,-2.996,13.612,-1.16,390.63,3,86.379,1.365,0.155,80.424,0.639,3.118,224.195,1.11353314948,1
100091,124.118,59.132,77.775,0.419,-999.0,-999.0,-999.0,3.112,0.419,75.391,1.647,-1.381,-999.0,28.485,-0.684,1.874,46.906,-1.402,-1.382,18.813,1.566,40.3,0,-999.0,-999.0,-999.0,-999.0,-999.0,-999.0,0.0,4.83576303324,1
100092,96.97,61.769,93.213,0.51,-999.0,-999.0,-999.0,2.782,0.51,70.954,1.13,-1.411,-999.0,33.317,2.077,1.002,37.638,0.354,-3.097,32.406,-0.926,103.858,0,-999.0,-999.0,-999.0,-999.0,-999.0,-999.0,0.0,5.32794144919,1
100093,96.379,17.118,63.373,71.039,6.108,1204.243,-8.309,1.677,22.278,206.663,0.426,0.308,0.895,64.293,0.418,-2.566,27.393,0.01,2.091,36.296,1.542,261.442,2,66.27,2.045,0.05,48.707,-4.063,-1.319,114.977,0.00150270483101,0
100094,111.356,20.265,50.19,104.878,-999.0,-999.0,-999.0,2.5,26.905,138.893,1.407,1.312,-999.0,20.535,0.186,-1.546,28.883,-0.71,2.404,85.179,2.816,147.129,1,89.475,-1.828,-0.48,-999.0,-999.0,-999.0,89.475,1.68161144262,1
100095,98.181,68.298,77.216,1.17,-999.0,-999.0,-999.0,2.918,1.17,63.11,2.056,-1.341,-999.0,20.651,1.013,-1.804,42.46,-0.616,0.616,29.147,-3.011,52.207,0,-999.0,-999.0,-999.0,-999.0,-999.0,-999.0,0.0,5.82371087756,1
100096,113.75,52.067,76.262,1.25,-999.0,-999.0,-999.0,2.962,1.25,77.982,1.469,-1.391,-999.0,31.581,-1.728,0.782,46.402,-1.721,-2.54,15.11,0.234,97.737,0,-999.0,-999.0,-999.0,-999.0,-999.0,-999.0,-0.0,0.018636116672,0
100097,124.575,34.558,100.197,161.051,3.243,324.597,-2.626,1.479,61.347,315.354,2.913,0.227,0.328,36.695,0.218,-0.563,106.897,1.648,-0.937,25.565,-1.611,432.241,3,97.16,-1.686,2.858,42.808,1.557,1.534,171.763,0.018636116672,0
100098,77.578,72.277,58.168,153.606,2.604,370.937,-1.597,0.988,41.756,330.67,2.032,0.572,0.061,41.804,-1.298,1.93,84.954,-1.866,2.739,50.145,1.565,351.78,2,111.656,-0.987,-0.035,92.256,1.617,-1.433,203.911,0.309795155685,1
100099,107.35,20.354,77.755,89.044,4.449,564.836,-2.99,2.482,31.871,233.139,3.61,1.335,0.251,21.617,-1.268,-1.114,78.034,-1.216,2.688,27.167,3.134,327.422,2,95.352,-0.825,-0.201,38.135,3.625,2.93,133.488,2.31755815631,1
100100,90.801,27.787,65.373,55.978,-999.0,-999.0,-999.0,2.457,20.608,138.624,2.452,1.405,-999.0,21.977,1.603,-0.643,53.881,1.873,1.799,18.209,0.88,219.339,1,62.766,0.778,-2.209,-999.0,-999.0,-999.0,62.766,1.45484847268,1
100101,95.787,24.109,63.069,49.994,0.237,146.118,3.859,2.266,54.026,238.888,0.891,1.411,0.0,33.7,-1.261,1.827,30.017,-0.295,-0.223,16.769,0.911,415.991,2,135.815,-2.087,-2.199,39.356,-1.85,0.49,175.171,0.00150270483101,0
100102,101.079,91.317,79.19,73.323,2.463,261.761,-1.358,2.6,58.155,338.283,4.091,-1.411,0.656,20.291,-1.279,-2.592,83.013,-1.199,0.007,47.763,1.629,376.038,3,90.445,-1.63,-1.166,58.965,0.833,3.092,234.979,0.74405624723,1
100103,130.123,8.251,81.732,81.065,3.022,262.128,-2.12,2.111,51.577,237.168,0.716,1.199,0.995,49.824,0.784,3.127,35.67,-0.292,1.311,35.508,1.544,363.616,3,73.26,-1.915,-1.662,41.357,1.107,1.3,151.674,0.00150270483101,0
100104,130.634,74.772,102.183,25.928,-999.0,-999.0,-999.0,2.723,25.928,89.307,0.972,-1.324,-999.0,45.279,0.375,3.133,44.028,-0.859,-0.722,33.228,1.994,126.655,0,-999.0,-999.0,-999.0,-999.0,-999.0,-999.0,0.0,2.14907970995,1
100105,208.573,6.854,154.336,57.028,2.685,183.753,0.026,3.581,5.646,161.078,2.064,1.362,0.601,20.506,-1.017,0.758,42.329,2.311,-0.563,5.651,-0.116,254.585,2,66.774,0.01,-2.731,31.47,2.695,1.342,98.243,0.74405624723,1
100106,91.616,0.245,62.842,13.974,3.655,448.409,-1.74,3.102,7.63,203.75,0.956,0.618,0.396,32.02,0.66,0.988,30.618,0.495,-2.198,15.291,-2.187,245.168,2,78.35,-3.092,0.136,62.761,0.563,3.065,141.111,0.00150270483101,0
100107,109.829,3.322,65.336,52.22,2.893,211.215,3.061,3.129,1.148,162.336,1.235,1.402,0.543,29.094,1.424,-2.994,35.932,1.139,0.122,45.334,0.04,148.394,2,55.814,3.716,-2.343,41.496,0.824,1.908,97.31,0.00150270483101,0
100108,90.331,79.938,65.701,1.437,-999.0,-999.0,-999.0,2.725,1.437,72.782,2.381,-1.3,-999.0,21.525,-0.555,0.065,51.256,-0.251,2.773,31.692,-0.626,71.42,0,-999.0,-999.0,-999.0,-999.0,-999.0,-999.0,-0.0,4.91492221542,1
100109,114.661,81.66,93.669,37.014,-999.0,-999.0,-999.0,2.532,0.953,131.033,2.837,-1.091,-999.0,24.525,0.895,0.725,69.58,-0.432,2.882,24.002,-0.345,158.382,1,36.929,-0.194,-0.806,-999.0,-999.0,-999.0,36.929,2.61113704635,1
100110,139.756,33.666,92.662,122.937,-999.0,-999.0,-999.0,1.879,5.482,244.124,1.785,1.369,-999.0,41.723,1.924,-0.002,74.494,1.366,1.792,46.028,1.208,222.506,1,127.907,1.837,-1.936,-999.0,-999.0,-999.0,127.907,0.00265331133733,0
100111,87.523,25.455,59.525,85.59,4.868,463.181,-3.399,1.739,16.239,160.678,1.454,1.392,0.401,32.184,0.535,-1.562,46.784,0.738,0.165,33.088,-0.494,205.065,2,42.484,0.845,2.605,39.226,-4.023,2.314,81.71,0.073899129815,1
100112,287.995,72.23,229.336,5.771,-999.0,-999.0,-999.0,3.269,5.771,190.506,1.143,-1.413,-999.0,88.877,2.264,-2.105,101.629,0.995,1.166,16.984,-0.942,317.119,0,-999.0,-999.0,-999.0,-999.0,-999.0,-999.0,0.0,2.23235481662,1
100113,86.557,35.819,66.08,62.125,-999.0,-999.0,-999.0,1.965,0.11,149.841,2.604,1.2,-999.0,24.356,1.373,-0.481,63.414,1.043,-2.418,8.923,-0.713,153.275,1,62.07,1.846,1.258,-999.0,-999.0,-999.0,62.07,1.68161144262,1
100114,81.926,64.281,63.079,3.257,-999.0,-999.0,-999.0,2.615,3.257,65.828,1.685,-1.349,-999.0,24.521,-1.858,-2.487,41.307,-2.345,0.082,26.407,2.759,71.221,0,-999.0,-999.0,-999.0,-999.0,-999.0,-999.0,-0.0,4.72700635171,1
100115,134.169,22.734,93.298,11.98,-999.0,-999.0,-999.0,3.466,11.98,72.805,1.17,-1.414,-999.0,33.546,0.703,-2.647,39.259,-0.774,0.501,9.197,-0.781,136.35,0,-999.0,-999.0,-999.0,-999.0,-999.0,-999.0,0.0,0.00150270483101,0
100116,-999.0,101.879,67.115,27.599,-999.0,-999.0,-999.0,1.87,27.599,94.356,2.779,-1.34,-999.0,24.971,-1.934,0.359,69.385,-2.063,-1.507,39.888,2.139,145.556,0,-999.0,-999.0,-999.0,-999.0,-999.0,-999.0,0.0,4.96903555292,1
100117,230.352,85.934,164.075,2.839,-999.0,-999.0,-999.0,3.758,2.839,91.37,1.796,-1.353,-999.0,32.68,-1.923,-0.395,58.69,0.567,3.072,32.344,0.264,163.563,0,-999.0,-999.0,-999.0,-999.0,-999.0,-999.0,-0.0,6.51160169304,1
100118,118.996,2.342,72.142,91.566,0.313,281.954,0.882,2.267,101.716,432.48,1.057,0.678,0.0,25.247,0.974,-1.767,26.686,-1.287,-1.941,40.108,-2.013,500.167,3,148.174,1.109,-1.21,140.818,0.796,1.344,380.547,0.00150270483101,0
100119,116.446,10.168,85.445,1.035,-999.0,-999.0,-999.0,3.025,1.035,84.65,0.719,-1.387,-999.0,49.247,0.367,1.085,35.402,-0.086,-2.207,15.307,-1.767,124.793,0,-999.0,-999.0,-999.0,-999.0,-999.0,-999.0,0.0,0.018636116672,0
100120,351.217,9.132,290.837,23.855,-999.0,-999.0,-999.0,3.407,23.855,213.762,0.925,1.367,-999.0,111.047,-0.707,1.081,102.715,0.952,-2.226,16.643,-2.447,279.081,0,-999.0,-999.0,-999.0,-999.0,-999.0,-999.0,0.0,1.68161144262,1
100121,114.254,13.103,72.166,102.395,-999.0,-999.0,-999.0,2.162,44.56,158.031,1.918,0.693,-999.0,27.105,-0.296,0.689,51.977,0.651,-1.254,61.329,-1.487,258.106,1,78.949,-1.634,2.421,-999.0,-999.0,-999.0,78.949,0.00150270483101,0
100122,64.901,54.866,52.189,79.849,-999.0,-999.0,-999.0,1.169,10.785,173.583,1.679,-0.081,-999.0,32.643,0.124,-1.024,54.822,1.275,-0.818,19.706,1.157,216.372,1,86.119,2.199,2.361,-999.0,-999.0,-999.0,86.119,1.37339094711,1
100123,-999.0,81.748,46.618,30.565,-999.0,-999.0,-999.0,1.387,1.732,104.505,1.481,-1.237,-999.0,29.4,-1.513,0.602,43.531,-1.972,1.911,51.428,-2.287,82.313,1,31.574,2.97,-0.621,-999.0,-999.0,-999.0,31.574,2.07679700221,1
100124,96.998,30.697,78.583,72.32,-999.0,-999.0,-999.0,1.966,23.068,128.826,2.54,-0.034,-999.0,21.442,0.73,-1.953,54.455,-1.236,-1.908,5.051,0.456,155.861,1,52.929,-1.836,1.067,-999.0,-999.0,-999.0,52.929,2.73965164024,1
100125,129.803,5.799,96.706,154.97,4.023,580.409,-0.919,1.512,26.316,347.889,0.227,0.721,0.636,147.537,-0.611,-2.938,33.449,-0.415,-1.439,15.647,-1.185,430.552,2,111.193,0.243,0.454,55.71,-3.779,0.213,166.904,0.00150270483101,0
100126,209.904,64.927,125.487,36.377,-999.0,-999.0,-999.0,3.942,27.403,108.058,1.389,-0.15,-999.0,20.636,-2.369,-2.904,28.653,0.862,-0.646,38.226,2.887,174.595,1,58.769,-3.163,0.694,-999.0,-999.0,-999.0,58.769,3.00857370569,1
100127,97.352,11.453,60.109,133.184,-999.0,-999.0,-999.0,1.411,1.566,212.501,0.66,0.76,-999.0,48.473,0.53,-1.267,32.013,1.924,-1.05,53.497,-1.328,218.335,1,132.014,1.418,1.894,-999.0,-999.0,-999.0,132.014,0.018636116672,0
100128,96.895,34.243,60.566,88.018,0.69,61.257,2.731,1.792,2.427,178.857,0.798,1.411,0.398,43.334,1.885,-0.143,34.569,2.02,-1.93,38.769,-0.957,198.516,2,59.282,2.033,2.603,41.671,1.343,1.587,100.953,0.073899129815,1
100129,-999.0,87.842,37.796,23.581,-999.0,-999.0,-999.0,1.389,23.581,56.083,1.077,-1.396,-999.0,27.003,-2.023,-1.997,29.08,-1.248,3.134,70.163,0.464,82.299,0,-999.0,-999.0,-999.0,-999.0,-999.0,-999.0,0.0,4.51169899477,1
100130,56.601,64.116,55.783,6.38,-999.0,-999.0,-999.0,2.059,6.38,51.471,1.365,-1.39,-999.0,21.763,-1.818,0.851,29.708,-0.137,-0.337,36.563,-3.01,117.605,0,-999.0,-999.0,-999.0,-999.0,-999.0,-999.0,0.0,5.47433508115,1
100131,-999.0,85.551,51.971,17.796,-999.0,-999.0,-999.0,1.963,18.889,91.137,1.915,-1.102,-999.0,20.111,-0.294,0.594,38.507,0.831,2.203,47.656,-1.047,129.989,1,32.519,1.142,-2.585,-999.0,-999.0,-999.0,32.519,2.37813344677,1
100132,-999.0,69.946,110.636,29.691,-999.0,-999.0,-999.0,2.422,1.368,107.946,0.779,-1.286,-999.0,43.767,0.854,1.609,34.109,-1.369,2.572,40.887,-1.286,120.657,1,30.071,-0.909,-0.924,-999.0,-999.0,-999.0,30.071,2.45203164492,1
100133,113.305,36.582,77.457,32.949,-999.0,-999.0,-999.0,3.058,7.316,119.755,0.516,-1.414,-999.0,52.593,1.879,-1.749,27.128,1.417,1.511,19.089,-0.356,189.261,1,40.035,-0.284,1.835,-999.0,-999.0,-999.0,40.035,1.74356174131,1
100134,-999.0,95.64,73.989,54.073,0.698,89.307,0.1,2.588,70.122,229.676,1.035,-1.371,0.0,29.731,-0.807,2.951,30.781,-2.385,0.899,82.185,-1.612,238.094,3,51.155,0.122,-2.564,44.163,0.82,1.655,169.164,0.74405624723,1
100135,139.191,19.102,96.308,69.348,4.761,1045.021,-5.662,2.38,15.847,286.643,1.236,1.354,0.892,41.078,-0.275,1.878,50.775,0.87,-2.32,23.014,-2.886,351.091,2,113.256,2.447,-0.797,81.532,-2.314,1.503,194.789,0.00150270483101,0
100136,94.753,57.575,74.542,1.168,-999.0,-999.0,-999.0,2.724,1.168,71.843,1.438,-1.389,-999.0,29.472,2.085,0.739,42.371,1.248,-1.853,22.16,1.988,57.622,0,-999.0,-999.0,-999.0,-999.0,-999.0,-999.0,0.0,1.68161144262,1
100137,-999.0,64.479,48.897,3.7,-999.0,-999.0,-999.0,2.098,3.7,54.684,1.535,-1.388,-999.0,21.569,-0.143,1.756,33.115,0.605,-2.568,35.557,-0.125,70.504,0,-999.0,-999.0,-999.0,-999.0,-999.0,-999.0,0.0,4.79629999623,1
100138,-999.0,85.463,47.401,1.946,-999.0,-999.0,-999.0,1.406,1.946,69.214,1.041,-1.414,-999.0,33.919,-1.322,-2.373,35.295,-2.13,-1.222,56.185,1.349,72.128,0,-999.0,-999.0,-999.0,-999.0,-999.0,-999.0,0.0,4.50904173441,1
100139,112.608,34.17,69.649,88.915,-999.0,-999.0,-999.0,1.821,21.597,171.593,0.959,0.063,-999.0,44.677,-0.847,-2.623,42.855,-1.125,1.861,69.794,1.225,196.929,1,84.061,-0.771,-1.501,-999.0,-999.0,-999.0,84.061,0.00265331133733,0
100140,-999.0,64.998,58.011,1.974,-999.0,-999.0,-999.0,2.165,1.974,65.052,1.432,-1.398,-999.0,26.754,-0.518,2.401,38.298,-1.026,0.297,32.432,-2.05,97.488,0,-999.0,-999.0,-999.0,-999.0,-999.0,-999.0,0.0,4.59749518885,1
100141,122.656,74.726,72.667,3.345,-999.0,-999.0,-999.0,2.984,3.345,70.086,2.437,-1.331,-999.0,20.39,-0.769,-2.109,49.696,-1.87,1.401,28.707,-1.447,103.523,0,-999.0,-999.0,-999.0,-999.0,-999.0,-999.0,0.0,5.44453056813,1
100142,155.67,70.997,132.913,50.717,-999.0,-999.0,-999.0,2.144,50.717,148.8,0.945,-1.22,-999.0,76.497,0.834,2.837,72.303,1.255,0.735,48.086,-0.557,240.906,0,-999.0,-999.0,-999.0,-999.0,-999.0,-999.0,0.0,1.82529080874,1
100143,71.772,48.878,60.579,2.538,-999.0,-999.0,-999.0,2.391,2.538,63.88,1.17,-1.413,-999.0,29.441,0.326,1.831,34.439,-0.134,-2.106,23.313,-0.025,45.745,0,-999.0,-999.0,-999.0,-999.0,-999.0,-999.0,0.0,4.41625691368,1
100144,133.451,46.221,62.985,99.843,0.006,31.827,0.039,2.204,25.809,200.532,0.63,1.414,0.0,44.464,1.248,2.716,28.019,1.278,0.513,65.651,1.651,296.681,3,52.541,0.194,-0.861,41.913,0.2,-1.402,128.049,1.37339094711,1
100145,197.06,106.642,132.162,20.307,-999.0,-999.0,-999.0,3.76,20.307,88.813,2.058,1.414,-999.0,29.043,-1.352,2.983,59.77,0.719,-0.156,48.371,2.728,89.993,0,-999.0,-999.0,-999.0,-999.0,-999.0,-999.0,0.0,2.82775024151,1
100146,70.067,69.529,60.041,45.692,-999.0,-999.0,-999.0,1.615,2.446,115.274,1.882,-0.775,-999.0,24.968,0.008,1.837,47.001,-1.503,2.406,25.832,-0.601,98.78,1,43.305,-0.855,-1.103,-999.0,-999.0,-999.0,43.305,2.53529912726,1
100147,108.351,28.257,70.581,185.138,2.594,301.022,-0.971,1.149,3.462,304.978,1.13,1.405,0.524,57.238,1.011,1.677,64.67,1.885,0.932,71.673,1.35,370.728,2,115.476,-0.454,-1.756,67.594,2.14,-1.937,183.07,0.00150270483101,0
100148,95.635,11.036,61.222,32.741,-999.0,-999.0,-999.0,2.919,1.266,92.087,1.157,-1.248,-999.0,28.062,1.898,0.844,32.456,2.315,-2.044,29.166,-2.405,113.041,1,31.569,-3.444,0.982,-999.0,-999.0,-999.0,31.569,0.00150270483101,0
100149,113.614,18.075,84.811,16.463,-999.0,-999.0,-999.0,2.918,16.463,82.758,1.135,-1.389,-999.0,38.766,0.348,2.458,43.991,-0.184,-0.956,13.474,-0.196,157.175,0,-999.0,-999.0,-999.0,-999.0,-999.0,-999.0,0.0,4.42409059132,1
100150,128.167,52.145,86.912,103.373,0.9,47.636,4.808,2.277,1.936,212.505,0.33,1.205,0.09,81.818,-1.122,2.586,27.029,-1.54,-1.459,35.029,2.802,292.582,2,72.406,-2.689,-0.295,31.252,-1.788,-0.287,103.658,0.018636116672,0
100151,81.279,29.474,56.067,35.277,-999.0,-999.0,-999.0,2.498,1.548,93.9,1.167,1.413,-999.0,27.332,-0.38,-1.162,31.905,-0.45,2.624,16.613,-2.27,131.511,1,34.663,1.713,0.633,-999.0,-999.0,-999.0,34.663,0.018636116672,0
100152,92.706,90.924,70.036,6.074,-999.0,-999.0,-999.0,2.481,6.074,78.5,2.002,-1.324,-999.0,26.153,-1.502,-0.689,52.346,-1.536,1.791,41.201,-1.762,144.212,0,-999.0,-999.0,-999.0,-999.0,-999.0,-999.0,0.0,4.73578775669,1
100153,84.917,40.74,58.352,2.988,-999.0,-999.0,-999.0,3.185,2.988,56.003,1.665,-1.408,-999.0,21.018,1.507,-1.617,34.985,2.278,1.473,12.046,-1.917,64.154,0,-999.0,-999.0,-999.0,-999.0,-999.0,-999.0,0.0,4.87950407132,1
100154,282.242,47.943,224.583,153.947,5.762,1428.776,-8.201,3.207,4.245,407.195,3.854,1.402,0.611,44.677,-0.222,0.934,172.2,-1.707,-2.507,27.906,3.07,471.265,2,146.463,-2.567,0.735,43.856,3.195,-0.748,190.319,0.073899129815,1
100155,96.006,52.102,87.713,18.449,-999.0,-999.0,-999.0,3.237,18.449,54.091,1.283,-1.412,-999.0,23.694,-0.449,-2.719,30.397,1.764,-0.357,35.681,1.468,124.795,0,-999.0,-999.0,-999.0,-999.0,-999.0,-999.0,-0.0,2.67241120234,1
100156,192.314,93.446,108.72,47.709,-999.0,-999.0,-999.0,2.813,4.891,153.341,1.28,1.327,-999.0,46.532,-0.493,-1.732,59.548,0.148,1.007,41.663,-1.427,140.859,1,47.261,0.737,2.157,-999.0,-999.0,-999.0,47.261,2.06349093182,1
100157,144.212,68.333,99.595,2.866,-999.0,-999.0,-999.0,3.128,2.866,81.778,1.558,-1.367,-999.0,31.967,-0.685,2.704,49.811,-2.097,-0.788,24.464,1.941,62.526,0,-999.0,-999.0,-999.0,-999.0,-999.0,-999.0,0.0,5.35191859616,1
100158,121.672,15.675,95.441,95.015,3.015,329.862,-2.142,1.572,33.807,398.356,1.195,-1.137,0.691,61.65,0.475,-1.312,73.676,0.555,-2.882,1.452,1.682,375.842,3,93.768,1.146,1.909,53.862,-1.87,-0.189,263.03,0.00265331133733,0
100159,66.479,30.044,49.848,2.267,-999.0,-999.0,-999.0,2.746,2.267,49.677,1.136,-1.405,-999.0,23.252,-1.891,3.034,26.425,-2.361,0.329,10.407,-1.938,68.861,0,-999.0,-999.0,-999.0,-999.0,-999.0,-999.0,-0.0,0.018636116672,0
100160,174.297,75.352,85.271,41.458,-999.0,-999.0,-999.0,3.803,1.304,92.6,1.45,-1.41,-999.0,20.59,-1.789,-1.286,29.863,0.486,1.95,50.534,-0.699,111.617,1,42.147,-2.97,2.535,-999.0,-999.0,-999.0,42.147,2.74878605902,1
100161,118.303,60.852,88.652,29.31,-999.0,-999.0,-999.0,2.726,4.646,104.399,1.125,-0.877,-999.0,33.772,0.52,0.441,37.984,2.057,2.692,24.416,-0.365,143.213,1,32.643,-1.42,-2.178,-999.0,-999.0,-999.0,32.643,2.32536896142,1
100162,-999.0,67.535,156.705,81.155,-999.0,-999.0,-999.0,3.274,21.599,142.957,1.207,-0.01,-999.0,28.895,-1.92,2.536,34.879,1.349,2.716,56.131,0.98,231.987,1,79.183,1.395,-1.537,-999.0,-999.0,-999.0,79.183,2.93796214736,1
100163,-999.0,79.383,41.747,26.659,-999.0,-999.0,-999.0,1.398,26.659,58.594,1.299,-0.786,-999.0,25.487,0.084,0.717,33.107,-1.052,-0.099,47.914,2.877,130.835,0,-999.0,-999.0,-999.0,-999.0,-999.0,-999.0,0.0,4.9349370536,1
100164,125.207,8.19,84.892,72.997,0.833,40.888,-0.037,2.033,33.703,160.645,0.607,0.691,0.014,57.573,-0.154,2.751,34.925,-1.232,1.028,28.343,0.767,241.048,2,38.067,0.046,-2.201,30.079,-0.787,-1.39,68.147,0.0640607773058,1
100165,-999.0,93.147,103.261,21.442,-999.0,-999.0,-999.0,2.992,21.442,78.767,1.477,-1.36,-999.0,31.796,-2.246,-2.861,46.97,-0.563,-0.388,49.852,2.204,136.474,0,-999.0,-999.0,-999.0,-999.0,-999.0,-999.0,0.0,5.55448369579,1
100166,104.449,27.09,74.349,4.329,-999.0,-999.0,-999.0,3.217,4.329,67.815,1.053,1.405,-999.0,33.033,0.78,2.244,34.781,-0.093,-0.943,5.337,2.416,122.548,0,-999.0,-999.0,-999.0,-999.0,-999.0,-999.0,-0.0,0.018636116672,0
100167,145.804,25.979,99.359,23.894,-999.0,-999.0,-999.0,3.11,23.894,98.884,0.642,1.414,-999.0,60.222,-0.494,1.324,38.662,-0.983,-1.747,12.586,-0.488,180.789,0,-999.0,-999.0,-999.0,-999.0,-999.0,-999.0,0.0,0.018636116672,0
100168,-999.0,77.352,63.501,1.217,-999.0,-999.0,-999.0,1.918,1.217,76.15,1.07,-1.412,-999.0,36.781,-1.759,2.563,39.369,-1.31,0.698,46.067,-1.58,133.307,0,-999.0,-999.0,-999.0,-999.0,-999.0,-999.0,0.0,1.96282553398,1
100169,89.822,34.534,68.319,23.081,-999.0,-999.0,-999.0,3.397,23.081,55.871,0.879,1.414,-999.0,29.73,-0.756,-0.071,26.141,-2.073,3.081,22.44,-1.615,59.953,0,-999.0,-999.0,-999.0,-999.0,-999.0,-999.0,0.0,1.68161144262,1
100170,143.252,96.966,75.581,1.366,-999.0,-999.0,-999.0,2.998,1.366,81.572,2.833,-1.24,-999.0,21.281,1.142,-1.878,60.291,0.448,1.489,39.068,-1.562,99.774,0,-999.0,-999.0,-999.0,-999.0,-999.0,-999.0,-0.0,5.22841726762,1
100171,-999.0,68.732,110.173,3.999,-999.0,-999.0,-999.0,3.4,3.999,55.725,1.7,-1.367,-999.0,20.638,1.079,2.432,35.087,-1.687,0.456,36.937,-2.081,84.074,0,-999.0,-999.0,-999.0,-999.0,-999.0,-999.0,0.0,6.66527984707,1
100172,-999.0,129.255,70.316,35.597,-999.0,-999.0,-999.0,2.073,32.024,140.529,2.644,-0.757,-999.0,24.383,-2.134,2.227,64.459,-1.576,-2.06,65.352,1.267,159.568,1,51.688,-2.225,-1.426,-999.0,-999.0,-999.0,51.688,2.29835446396,1
100173,-999.0,106.01,45.032,18.537,-999.0,-999.0,-999.0,1.417,18.537,65.599,1.464,-1.356,-999.0,26.619,-1.881,0.332,38.98,-0.974,1.42,74.56,-2.088,219.259,0,-999.0,-999.0,-999.0,-999.0,-999.0,-999.0,0.0,2.19993695759,1
100174,89.656,49.626,64.117,22.802,0.191,144.187,0.137,2.665,27.845,210.685,1.001,-1.411,0.0,32.855,2.182,-2.563,32.881,2.0,1.062,37.705,-0.502,234.605,2,78.116,0.478,-1.302,66.832,0.287,2.168,144.949,1.45484847268,1
100175,96.891,75.387,62.598,1.751,-999.0,-999.0,-999.0,2.682,1.751,69.68,2.268,-1.338,-999.0,21.32,-1.542,0.561,48.359,-1.624,-2.12,30.405,1.391,54.042,0,-999.0,-999.0,-999.0,-999.0,-999.0,-999.0,-0.0,4.83424938419,1
100176,109.797,64.871,85.842,35.115,-999.0,-999.0,-999.0,2.89,3.356,127.601,2.609,-1.412,-999.0,26.398,0.12,0.782,68.874,0.47,-2.632,20.516,-0.55,201.977,1,32.329,-0.619,0.877,-999.0,-999.0,-999.0,32.329,2.25703099251,1
100177,194.922,46.522,155.577,73.591,-999.0,-999.0,-999.0,3.225,14.253,138.585,2.433,0.014,-999.0,20.823,1.142,0.388,50.669,-2.069,0.093,19.72,1.747,184.82,1,67.094,-3.569,-2.511,-999.0,-999.0,-999.0,67.094,0.073899129815,1
100178,75.733,90.985,58.982,46.241,0.718,114.918,0.001,1.745,24.19,202.1,2.621,-0.444,0.0,23.745,-2.389,0.436,62.229,-2.272,-1.306,34.833,1.407,234.014,2,80.927,0.001,-2.954,35.2,0.72,0.189,116.126,1.03409965047,1
100179,106.257,52.837,79.097,27.744,-999.0,-999.0,-999.0,3.318,27.744,67.904,0.927,-1.414,-999.0,35.238,-1.524,2.313,32.666,-0.388,-0.804,26.793,-3.012,131.547,0,-999.0,-999.0,-999.0,-999.0,-999.0,-999.0,0.0,0.018636116672,0
100180,260.788,85.55,216.714,29.351,-999.0,-999.0,-999.0,3.989,4.919,107.522,2.698,-1.191,-999.0,20.072,-1.641,-2.093,54.147,2.138,2.914,34.112,-0.034,217.549,1,33.304,1.951,0.31,-999.0,-999.0,-999.0,33.304,3.33634815668,1
100181,-999.0,74.38,92.036,40.693,-999.0,-999.0,-999.0,1.834,3.935,151.113,0.553,-0.977,-999.0,69.912,-0.156,-1.113,38.652,-1.259,-2.578,66.077,2.051,205.555,1,42.55,-1.366,0.571,-999.0,-999.0,-999.0,42.55,1.92669393218,1
100182,142.674,18.26,90.533,118.17,-999.0,-999.0,-999.0,2.359,4.749,225.855,2.122,0.451,-999.0,33.561,0.818,2.507,71.225,0.936,-1.42,72.89,-1.166,213.577,1,121.069,1.697,1.707,-999.0,-999.0,-999.0,121.069,0.00150187015894,0
100183,82.336,49.44,54.143,25.746,0.918,69.669,4.662,2.803,22.513,117.53,1.104,1.251,0.0,25.759,-0.871,1.968,28.44,-0.513,-0.812,22.98,1.814,199.711,2,32.304,2.666,2.319,31.027,1.749,-1.407,63.331,0.018636116672,0
100184,58.939,6.869,37.801,149.66,-999.0,-999.0,-999.0,0.844,58.242,199.247,1.995,1.194,-999.0,31.844,-1.591,-3.11,63.518,-1.041,-2.471,58.755,-2.583,300.737,1,103.885,-2.069,0.209,-999.0,-999.0,-999.0,103.885,0.74405624723,1
100185,-999.0,100.244,22.819,35.492,-999.0,-999.0,-999.0,0.635,0.975,115.69,2.491,-0.872,-999.0,22.813,0.48,2.513,56.838,0.813,1.972,44.254,-1.239,94.633,1,36.039,-1.23,-0.716,-999.0,-999.0,-999.0,36.039,4.95587372577,1
100186,153.14,99.636,80.285,23.449,-999.0,-999.0,-999.0,3.055,23.449,83.389,2.885,-1.405,-999.0,21.463,-1.315,0.015,61.926,-0.399,2.929,44.822,-0.875,174.844,0,-999.0,-999.0,-999.0,-999.0,-999.0,-999.0,0.0,5.40883518227,1
100187,153.572,0.491,99.219,42.821,-999.0,-999.0,-999.0,2.544,1.261,147.081,0.681,0.976,-999.0,61.366,0.816,-0.597,41.77,0.33,-3.093,29.73,-3.107,234.162,1,43.945,-0.454,1.08,-999.0,-999.0,-999.0,43.945,1.68161144262,1
100188,172.577,95.195,89.845,24.768,1.441,108.022,-0.464,2.884,3.475,179.177,2.019,1.127,0.056,30.292,-0.786,-1.552,61.146,-1.458,1.253,38.485,-1.5,164.627,2,54.237,0.487,3.04,33.502,-0.954,0.255,87.739,2.14252295837,1
100189,-999.0,104.869,48.886,35.141,-999.0,-999.0,-999.0,1.384,6.088,114.02,0.891,-1.358,-999.0,39.144,1.776,-0.153,34.888,2.413,-1.381,93.532,2.576,137.766,1,39.987,0.533,-0.187,-999.0,-999.0,-999.0,39.987,1.84868685638,1
100190,111.688,28.402,73.031,9.849,-999.0,-999.0,-999.0,3.216,9.849,66.451,1.408,-1.414,-999.0,27.593,-0.776,2.24,38.858,-1.727,-0.832,7.514,-2.794,113.187,0,-999.0,-999.0,-999.0,-999.0,-999.0,-999.0,0.0,0.018636116672,0
100191,95.177,32.628,60.916,85.032,0.019,35.411,0.336,1.927,1.154,161.346,0.599,1.371,0.0,44.151,0.325,-2.794,26.428,1.271,1.81,36.069,2.924,143.094,2,54.802,-0.589,-0.522,35.965,-0.57,0.219,90.767,1.45484847268,1
100192,102.362,12.116,78.3,154.053,4.261,725.805,-3.512,1.444,71.574,371.58,3.771,0.792,0.448,30.385,-1.106,-0.246,114.577,-0.897,-1.674,34.003,-1.869,483.481,3,138.456,-1.117,1.43,54.651,3.144,0.688,226.618,0.0640607773058,1
100193,-999.0,75.248,23.191,1.677,-999.0,-999.0,-999.0,0.857,1.677,55.613,1.14,-1.407,-999.0,25.987,-1.746,2.637,29.626,-1.963,1.808,49.452,-0.964,63.891,0,-999.0,-999.0,-999.0,-999.0,-999.0,-999.0,0.0,0.00265331133733,0
100194,-999.0,80.862,50.298,3.457,-999.0,-999.0,-999.0,2.033,3.457,62.808,2.04,-1.331,-999.0,20.661,-2.405,-0.62,42.147,-2.268,1.409,41.212,-2.223,108.003,0,-999.0,-999.0,-999.0,-999.0,-999.0,-999.0,0.0,4.75965900416,1
100195,35.07,83.831,30.425,36.406,-999.0,-999.0,-999.0,0.922,2.856,106.152,2.223,-0.423,-999.0,21.477,-0.476,-2.517,47.742,0.401,-2.23,37.576,1.2,156.546,1,36.933,-3.051,0.51,-999.0,-999.0,-999.0,36.933,2.33981653681,1
100196,212.083,29.703,165.778,46.133,-999.0,-999.0,-999.0,3.545,23.436,138.724,2.318,-1.393,-999.0,27.612,0.275,-2.0,64.015,-2.368,1.92,6.97,0.36,267.561,1,47.097,-2.451,-0.442,-999.0,-999.0,-999.0,47.097,3.11562106686,1
100197,74.435,19.885,54.468,59.856,-999.0,-999.0,-999.0,1.832,59.856,69.436,1.419,1.408,-999.0,28.709,-0.571,0.879,40.727,-0.776,-0.941,16.264,-0.148,124.394,0,-999.0,-999.0,-999.0,-999.0,-999.0,-999.0,0.0,0.073899129815,1
100198,70.425,41.72,53.681,34.624,-999.0,-999.0,-999.0,1.737,2.926,107.196,1.016,-1.009,-999.0,34.686,-1.159,2.231,35.257,-0.919,0.511,28.715,-0.919,134.745,1,37.253,3.48,-2.496,-999.0,-999.0,-999.0,37.253,4.2356260572,1
100199,141.908,18.943,96.728,60.187,-999.0,-999.0,-999.0,2.829,0.641,159.717,1.571,1.372,-999.0,38.554,-1.025,-2.323,60.565,-1.364,1.151,32.987,1.578,173.671,1,60.598,1.354,-1.531,-999.0,-999.0,-999.0,60.598,0.00150270483101,0
100200,107.067,1.939,70.444,54.621,-999.0,-999.0,-999.0,2.079,30.366,151.198,0.588,1.08,-999.0,53.239,-0.284,-3.091,31.324,-0.34,1.113,20.496,1.19,290.199,1,66.634,-0.359,-0.485,-999.0,-999.0,-999.0,66.634,0.018636116672,0
100201,82.067,6.145,62.668,47.465,-999.0,-999.0,-999.0,2.988,47.465,62.591,0.963,-1.0,-999.0,31.887,1.134,2.65,30.704,1.316,-0.333,48.785,-0.492,109.664,0,-999.0,-999.0,-999.0,-999.0,-999.0,-999.0,0.0,0.00265331133733,0
100202,98.23,37.253,63.676,32.62,4.297,278.812,-2.593,2.812,20.976,161.533,0.778,1.41,1.0,36.563,1.376,2.854,28.441,1.455,0.043,19.451,1.871,225.076,3,32.368,3.571,-0.819,32.081,-0.726,-2.802,96.529,0.073899129815,1
100203,-999.0,82.09,50.228,1.608,-999.0,-999.0,-999.0,1.503,1.608,71.211,0.969,-1.414,-999.0,36.169,0.9,0.273,35.042,1.505,1.648,54.041,-2.171,117.802,0,-999.0,-999.0,-999.0,-999.0,-999.0,-999.0,-0.0,4.33678256926,1
100204,119.663,13.864,86.638,3.154,-999.0,-999.0,-999.0,3.027,3.154,85.525,0.746,-1.406,-999.0,48.972,0.254,1.948,36.553,-0.206,-1.343,11.344,-0.648,95.409,0,-999.0,-999.0,-999.0,-999.0,-999.0,-999.0,0.0,0.018636116672,0
100205,157.096,23.206,113.793,96.564,2.675,349.038,-0.575,2.517,62.572,359.506,0.274,1.398,0.306,112.133,0.773,0.791,30.721,0.354,-1.69,8.054,-0.031,544.516,3,95.508,-2.44,2.287,84.756,0.236,-2.231,216.653,0.300975113091,1
100206,170.488,21.505,83.3,70.737,0.463,246.984,-0.039,2.749,78.919,405.508,0.604,1.361,0.077,51.719,0.457,0.936,31.256,-0.251,-2.69,66.794,3.118,448.402,3,127.039,-0.111,2.166,115.897,0.352,-0.622,322.533,0.358539992008,1
100207,58.916,64.559,48.685,31.404,-999.0,-999.0,-999.0,1.606,24.915,96.078,1.697,-1.025,-999.0,22.295,0.687,-1.676,37.829,2.019,-0.78,33.594,1.485,195.768,1,35.953,0.136,1.887,-999.0,-999.0,-999.0,35.953,2.42179307518,1
100208,127.266,84.327,107.259,108.411,-999.0,-999.0,-999.0,1.613,3.209,244.501,1.653,-0.264,-999.0,51.775,-0.08,1.067,85.607,-1.201,-0.093,23.608,2.34,285.079,1,107.118,-2.261,-2.589,-999.0,-999.0,-999.0,107.118,0.00150270483101,0
100209,-999.0,77.518,58.031,63.279,1.127,122.734,-0.229,1.256,27.059,210.291,0.661,-0.62,0.932,60.188,0.172,-2.122,39.791,-0.148,2.947,75.163,1.371,351.275,2,59.283,0.266,0.218,51.029,-0.861,-2.181,110.311,0.74405624723,1
100210,122.121,29.353,82.872,1.998,-999.0,-999.0,-999.0,2.713,1.998,85.311,0.509,-1.356,-999.0,56.553,-2.391,-1.81,28.758,-1.709,1.847,33.419,0.861,126.036,0,-999.0,-999.0,-999.0,-999.0,-999.0,-999.0,0.0,0.00150187015894,0
100211,81.555,19.65,44.394,85.753,0.617,51.069,-0.07,1.758,52.831,259.816,1.112,1.348,0.0,27.202,1.989,-2.74,30.248,2.203,1.798,49.684,2.31,259.946,3,71.071,0.469,-0.191,57.993,-0.149,-0.608,202.366,0.358539992008,1
100212,85.717,11.876,48.904,49.698,-999.0,-999.0,-999.0,3.128,33.288,95.541,1.244,-1.41,-999.0,21.253,-1.892,2.852,26.448,-1.391,-0.236,45.087,-0.582,147.824,1,47.84,-1.748,-2.971,-999.0,-999.0,-999.0,47.84,0.073899129815,1
100213,193.484,47.934,155.433,18.153,-999.0,-999.0,-999.0,4.007,18.153,70.789,1.987,-1.411,-999.0,23.701,-2.366,-0.761,47.087,0.621,1.912,16.282,-2.279,170.215,0,-999.0,-999.0,-999.0,-999.0,-999.0,-999.0,0.0,6.96719525548,1
100214,66.447,6.721,33.942,178.633,0.065,553.436,0.025,0.81,25.153,665.895,0.94,1.205,0.0,43.151,-0.052,0.213,40.579,-0.632,0.778,98.983,0.672,781.475,2,379.005,0.192,-2.426,203.159,0.128,0.95,582.165,0.073899129815,1
100215,82.104,1.941,51.854,90.605,-999.0,-999.0,-999.0,1.648,18.342,160.173,1.536,0.944,-999.0,25.127,2.297,-1.665,38.59,1.093,-2.79,38.826,-2.84,373.561,1,96.456,1.984,0.769,-999.0,-999.0,-999.0,96.456,1.45484847268,1
100216,163.963,109.809,86.502,17.181,-999.0,-999.0,-999.0,3.38,17.181,77.409,2.748,-1.359,-999.0,20.655,-1.745,-0.506,56.754,-0.323,2.711,53.231,-0.337,94.549,0,-999.0,-999.0,-999.0,-999.0,-999.0,-999.0,0.0,5.84916504618,1
100217,177.864,89.086,105.618,3.392,-999.0,-999.0,-999.0,3.174,3.392,93.105,2.005,-1.27,-999.0,30.981,-0.122,1.091,62.124,1.15,-1.817,32.049,1.442,157.77,0,-999.0,-999.0,-999.0,-999.0,-999.0,-999.0,0.0,5.44449578896,1
100218,-999.0,65.031,66.686,42.48,-999.0,-999.0,-999.0,2.268,0.276,111.027,2.271,-1.294,-999.0,20.894,0.35,-0.76,47.45,-0.938,-2.626,40.51,1.986,74.819,1,42.683,-0.167,0.021,-999.0,-999.0,-999.0,42.683,2.50987164116,1
100219,137.313,0.051,97.221,115.169,4.035,539.363,-3.332,1.735,1.478,272.101,1.191,1.001,0.988,58.389,1.094,-1.308,69.554,1.077,-3.043,39.689,-3.042,296.203,2,75.106,-1.158,0.02,69.051,2.876,1.316,144.157,0.00150270483101,0
100220,121.57,10.66,89.98,68.274,-999.0,-999.0,-999.0,2.341,2.503,171.871,1.867,1.261,-999.0,35.392,0.64,0.403,66.089,0.953,2.723,19.384,2.424,214.805,1,70.39,2.328,-0.92,-999.0,-999.0,-999.0,70.39,0.00150270483101,0
100221,137.921,25.015,106.979,0.379,-999.0,-999.0,-999.0,3.243,0.379,98.009,1.058,-1.414,-999.0,47.616,-0.599,0.254,50.394,-1.449,-2.875,3.164,0.541,52.676,0,-999.0,-999.0,-999.0,-999.0,-999.0,-999.0,0.0,0.018636116672,0
100222,104.926,48.25,67.718,39.576,-999.0,-999.0,-999.0,2.834,39.576,68.382,0.646,0.927,-999.0,41.555,-0.827,-0.024,26.827,-1.305,2.769,22.282,-0.046,186.193,0,-999.0,-999.0,-999.0,-999.0,-999.0,-999.0,0.0,1.37339094711,1
100223,102.851,82.054,83.318,0.826,-999.0,-999.0,-999.0,2.645,0.826,84.811,1.795,-1.363,-999.0,30.339,1.042,-0.113,54.472,0.319,-2.658,33.248,1.022,47.536,0,-999.0,-999.0,-999.0,-999.0,-999.0,-999.0,-0.0,4.91061872782,1
100224,139.754,31.656,85.882,45.151,-999.0,-999.0,-999.0,2.944,1.936,123.217,0.805,1.409,-999.0,44.21,1.756,-0.456,35.585,0.892,3.013,35.501,-2.347,185.77,1,43.422,3.789,1.12,-999.0,-999.0,-999.0,43.422,0.018636116672,0
100225,489.796,33.536,370.101,55.223,-999.0,-999.0,-999.0,5.133,23.116,103.378,1.838,-0.474,-999.0,24.241,2.453,3.11,44.55,-2.388,1.404,26.552,0.386,141.209,1,34.587,2.583,-1.473,-999.0,-999.0,-999.0,34.587,5.79881927669,1
100226,110.318,51.809,93.296,10.96,-999.0,-999.0,-999.0,2.621,10.96,92.287,1.187,-1.41,-999.0,42.195,-1.554,2.977,50.092,-0.875,0.445,17.773,-1.658,96.461,0,-999.0,-999.0,-999.0,-999.0,-999.0,-999.0,0.0,0.018636116672,0
100227,-999.0,71.311,43.906,30.682,-999.0,-999.0,-999.0,1.524,30.682,59.949,1.533,-0.785,-999.0,23.671,-0.357,-0.538,36.278,0.609,-1.717,35.385,1.228,104.297,0,-999.0,-999.0,-999.0,-999.0,-999.0,-999.0,0.0,2.2377492918,1
100228,105.182,60.438,93.19,7.604,-999.0,-999.0,-999.0,2.377,7.604,99.829,0.933,-1.406,-999.0,51.648,0.325,1.237,48.181,0.071,-2.683,33.424,-0.978,107.041,0,-999.0,-999.0,-999.0,-999.0,-999.0,-999.0,-0.0,0.018636116672,0
100229,139.275,80.932,93.968,10.984,-999.0,-999.0,-999.0,3.305,10.984,86.357,2.417,-1.404,-999.0,25.274,1.121,0.043,61.082,-0.112,3.11,27.304,-0.302,161.247,0,-999.0,-999.0,-999.0,-999.0,-999.0,-999.0,-0.0,0.018636116672,0
100230,94.683,92.293,60.139,38.801,-999.0,-999.0,-999.0,2.938,38.801,57.881,1.842,-1.349,-999.0,20.364,0.275,-0.019,37.517,1.165,2.781,58.348,-0.692,142.119,0,-999.0,-999.0,-999.0,-999.0,-999.0,-999.0,-0.0,5.04558203846,1
100231,85.049,42.88,61.457,1.827,-999.0,-999.0,-999.0,2.85,1.827,62.756,1.428,-1.383,-999.0,25.846,-0.151,1.796,36.91,-0.367,-1.646,13.145,1.033,93.494,0,-999.0,-999.0,-999.0,-999.0,-999.0,-999.0,0.0,0.018636116672,0
100232,84.318,21.913,39.313,234.837,0.441,47.634,1.164,0.992,46.135,360.368,1.966,0.671,0.0,28.064,-0.212,-1.78,55.177,0.54,-1.133,160.741,-0.9,308.244,3,117.933,-1.322,2.031,74.298,-0.881,1.982,277.127,0.0713571365583,1
100233,91.845,4.096,65.877,60.25,-999.0,-999.0,-999.0,1.817,26.483,125.593,0.671,0.774,-999.0,49.369,-1.688,1.049,33.123,-2.278,2.767,12.955,2.965,214.372,1,43.1,-1.437,-0.852,-999.0,-999.0,-999.0,43.1,1.45484847268,1
100234,128.736,77.805,103.811,3.735,-999.0,-999.0,-999.0,2.718,3.735,103.771,1.461,-1.392,-999.0,42.159,-0.575,2.393,61.612,-1.187,-0.255,27.908,-2.69,72.528,0,-999.0,-999.0,-999.0,-999.0,-999.0,-999.0,0.0,4.67200672158,1
100235,129.351,11.258,87.187,58.502,-999.0,-999.0,-999.0,2.342,6.921,150.91,0.757,1.3,-999.0,49.639,-1.755,-0.636,37.576,-0.79,-2.769,20.702,-2.363,176.068,1,63.694,2.036,1.328,-999.0,-999.0,-999.0,63.694,0.00150270483101,0
100236,126.547,48.914,81.235,195.293,0.916,128.741,2.503,1.196,7.391,357.961,0.9,1.368,0.792,74.547,-2.347,-2.702,67.11,-1.868,2.486,74.667,-3.092,350.755,2,126.04,-2.105,-0.322,90.264,-1.189,0.405,216.304,0.00150270483101,0
100237,149.823,40.714,100.301,54.815,-999.0,-999.0,-999.0,2.289,3.422,162.576,0.816,-0.816,-999.0,60.062,-1.344,0.022,48.994,-1.732,-2.234,60.559,-3.0,164.738,1,53.52,-2.519,0.932,-999.0,-999.0,-999.0,53.52,1.85680595766,1
100238,139.899,17.434,92.993,131.66,-999.0,-999.0,-999.0,1.912,1.747,236.265,0.338,1.414,-999.0,78.965,-1.439,-0.987,26.668,0.138,0.093,38.182,-0.46,240.129,1,130.632,1.114,2.496,-999.0,-999.0,-999.0,130.632,0.00150270483101,0
100239,71.683,38.573,52.369,5.423,-999.0,-999.0,-999.0,3.083,66.111,118.12,1.383,-1.41,-999.0,21.622,0.336,2.774,29.906,-0.155,-0.466,13.285,2.165,149.43,1,66.591,-2.652,0.037,-999.0,-999.0,-999.0,66.591,2.06405463834,1
100240,110.481,42.055,73.886,49.852,3.66,385.784,-1.249,2.609,45.28,216.752,0.994,1.098,0.024,29.233,-0.387,3.12,29.057,-2.08,-1.178,23.218,-3.065,268.76,3,62.429,-0.381,-0.062,57.914,3.279,3.052,158.463,0.0834140312717,1
100241,62.609,58.135,51.716,6.774,-999.0,-999.0,-999.0,2.334,6.774,56.806,1.363,-1.372,-999.0,24.039,0.273,-1.624,32.768,0.403,2.33,28.589,-0.175,63.969,0,-999.0,-999.0,-999.0,-999.0,-999.0,-999.0,0.0,4.44505323175,1
100242,55.575,60.551,46.192,28.188,-999.0,-999.0,-999.0,1.705,3.752,81.815,1.168,-0.601,-999.0,23.149,1.734,2.86,27.032,0.183,2.154,34.749,-1.3,129.977,1,31.633,0.794,0.111,-999.0,-999.0,-999.0,31.633,5.20715345145,1
100243,88.147,76.136,67.593,130.094,2.541,455.956,-1.614,1.119,43.033,466.658,0.56,0.019,0.617,83.015,0.317,-1.671,46.492,0.854,-0.69,43.03,-2.726,493.121,3,230.617,1.242,1.609,61.046,-1.299,-1.247,337.151,0.0713571365583,1
100244,114.648,24.385,73.694,49.635,0.647,106.225,1.149,2.638,13.41,259.427,0.771,1.408,0.0,37.271,-1.178,2.557,28.754,0.04,-1.387,24.347,-2.344,338.911,3,59.014,0.796,-0.512,46.951,1.443,1.946,193.402,0.0640607773058,1
100245,159.592,13.063,88.238,275.137,3.342,1056.395,-2.686,1.064,15.092,627.929,0.488,1.189,0.883,122.052,-0.431,2.616,59.563,-0.916,1.67,119.325,1.825,768.799,2,333.979,1.345,-1.287,112.337,-1.997,1.045,446.315,0.00150270483101,0
100246,107.392,19.776,33.155,230.029,3.483,992.085,-2.822,1.023,20.894,466.812,0.704,1.413,1.0,38.151,-0.32,0.288,26.865,0.494,0.908,168.125,0.613,555.743,2,308.917,-1.282,-2.686,92.879,2.202,-0.139,401.796,0.00150270483101,0
100247,106.026,49.785,66.761,80.68,-999.0,-999.0,-999.0,1.978,38.259,178.438,1.03,1.324,-999.0,37.939,-0.619,0.263,39.081,0.005,-1.615,37.657,-0.202,269.39,1,101.418,0.025,2.311,-999.0,-999.0,-999.0,101.418,0.018636116672,0
100248,102.9,3.885,69.112,90.656,0.661,115.48,8.697,2.189,33.205,240.088,2.362,0.898,0.0,25.21,-1.588,-3.092,59.535,-1.403,1.01,44.032,0.934,198.739,3,65.292,-2.637,-0.873,56.255,-3.298,-3.013,155.343,0.018636116672,0
100249,91.255,34.474,69.843,113.02,1.124,103.034,0.142,1.298,5.26,253.423,0.299,-0.086,0.961,93.451,0.42,-2.811,27.953,-0.789,3.002,20.992,1.419,374.101,2,89.113,-1.239,-0.341,42.907,-0.115,0.79,132.019,0.018636116672,0
100250,114.803,53.183,65.016,51.02,3.384,264.003,-1.513,2.711,5.9,163.608,0.863,1.355,0.48,32.695,0.64,-1.815,28.212,-0.288,1.921,34.382,-2.315,206.692,2,71.076,-0.53,1.147,31.624,2.854,-1.133,102.7,0.00150270483101,0
100251,109.012,49.577,72.804,18.844,-999.0,-999.0,-999.0,3.025,18.844,69.124,0.951,-1.381,-999.0,35.422,2.005,-0.066,33.703,1.328,-3.014,18.701,0.446,151.242,0,-999.0,-999.0,-999.0,-999.0,-999.0,-999.0,0.0,0.018636116672,0
100252,104.286,33.361,81.6,4.946,-999.0,-999.0,-999.0,3.0,4.946,67.952,0.876,-1.414,-999.0,36.228,-0.371,-0.905,31.724,-1.684,2.681,14.009,0.856,113.293,0,-999.0,-999.0,-999.0,-999.0,-999.0,-999.0,0.0,2.13943239563,1
100253,118.371,75.54,97.136,22.799,-999.0,-999.0,-999.0,3.046,22.799,84.577,2.51,-1.403,-999.0,24.096,0.202,0.339,60.481,-1.299,2.989,28.427,-1.003,97.227,0,-999.0,-999.0,-999.0,-999.0,-999.0,-999.0,0.0,5.86130407627,1
100254,-999.0,72.374,54.448,2.864,-999.0,-999.0,-999.0,1.982,2.864,47.879,1.379,-1.261,-999.0,20.126,0.822,0.981,27.753,-1.13,0.635,47.268,-2.422,135.988,0,-999.0,-999.0,-999.0,-999.0,-999.0,-999.0,0.0,5.74178944061,1
100255,103.952,17.718,71.022,50.26,0.689,79.004,10.32,2.884,0.734,151.108,2.107,1.371,0.0,20.275,0.83,1.154,42.718,2.194,-2.588,22.032,3.109,179.513,2,55.489,2.886,0.668,32.626,3.576,-1.364,88.116,1.45484847268,1
100256,134.409,75.664,79.937,23.339,-999.0,-999.0,-999.0,3.492,23.339,63.129,2.023,-1.414,-999.0,20.886,-1.231,-2.178,42.243,0.387,0.916,37.665,-2.871,211.566,0,-999.0,-999.0,-999.0,-999.0,-999.0,-999.0,0.0,2.62113825439,1
100257,146.186,85.26,69.326,74.072,-999.0,-999.0,-999.0,2.784,1.006,143.691,0.887,1.361,-999.0,37.368,-0.357,-2.438,33.157,-0.284,0.344,63.31,-2.047,148.772,1,73.166,3.486,1.214,-999.0,-999.0,-999.0,73.166,0.00150270483101,0
100258,119.445,24.758,84.089,88.389,-999.0,-999.0,-999.0,2.179,23.718,175.494,2.019,1.396,-999.0,27.485,0.255,-3.09,55.493,1.715,1.576,27.905,2.216,207.183,1,92.516,1.95,-1.302,-999.0,-999.0,-999.0,92.516,0.00265331133733,0
100259,141.574,15.544,102.032,44.874,3.723,295.681,-2.079,3.161,46.398,196.293,1.962,1.378,0.318,25.82,0.992,2.155,50.662,-0.814,-0.44,13.4,0.166,182.565,3,45.595,-0.684,0.448,43.81,3.039,-2.702,119.812,0.00150270483101,0
100260,196.37,47.744,139.469,49.457,-999.0,-999.0,-999.0,3.599,3.657,149.583,0.513,1.41,-999.0,66.642,0.118,-2.498,34.187,-1.736,0.7,17.296,-2.825,257.403,1,48.753,0.38,0.565,-999.0,-999.0,-999.0,48.753,2.17125982072,1
100261,90.166,5.481,63.54,1.256,-999.0,-999.0,-999.0,3.012,1.256,64.857,0.675,-1.364,-999.0,38.726,-2.411,2.911,26.131,-2.345,-0.1,12.798,-0.401,74.045,0,-999.0,-999.0,-999.0,-999.0,-999.0,-999.0,0.0,0.018636116672,0
100262,129.415,53.016,86.34,39.797,-999.0,-999.0,-999.0,3.031,39.797,85.787,0.587,-1.414,-999.0,54.06,2.052,-1.697,31.727,1.449,1.274,38.698,2.99,112.402,0,-999.0,-999.0,-999.0,-999.0,-999.0,-999.0,0.0,0.018636116672,0
100263,148.063,67.008,115.9,34.345,2.455,193.902,-1.357,3.008,52.45,246.058,1.802,-0.65,0.175,21.279,-1.637,-1.852,38.339,1.234,-2.751,29.951,0.09,248.261,3,72.993,-1.614,2.776,39.927,0.841,0.688,186.44,0.74405624723,1
100264,112.619,43.113,75.069,46.983,-999.0,-999.0,-999.0,2.747,6.202,129.841,0.562,1.335,-999.0,49.357,-1.072,1.233,27.73,-1.628,-1.458,19.809,0.877,167.779,1,52.754,2.736,-2.371,-999.0,-999.0,-999.0,52.754,0.00150270483101,0
100265,114.759,69.795,95.566,4.597,-999.0,-999.0,-999.0,2.565,4.597,98.028,1.23,-1.412,-999.0,43.964,-0.199,-0.163,54.064,-0.655,2.361,30.936,-1.877,113.607,0,-999.0,-999.0,-999.0,-999.0,-999.0,-999.0,0.0,0.018636116672,0
100266,160.303,63.5,130.661,31.728,-999.0,-999.0,-999.0,3.426,1.9,112.651,0.676,-1.411,-999.0,47.682,0.314,2.592,32.226,-1.914,-1.089,41.82,1.001,141.972,1,32.743,-3.219,-1.422,-999.0,-999.0,-999.0,32.743,2.39161379701,1
100267,218.194,111.502,168.771,53.271,-999.0,-999.0,-999.0,3.058,53.271,156.801,1.206,1.41,-999.0,71.081,0.129,-0.528,85.72,0.949,2.809,46.465,-1.308,245.88,0,-999.0,-999.0,-999.0,-999.0,-999.0,-999.0,0.0,0.00265331133733,0
100268,-999.0,81.67,27.308,2.126,-999.0,-999.0,-999.0,0.937,2.126,58.64,1.167,-1.414,-999.0,27.055,1.511,-1.886,31.585,2.135,-2.585,54.524,0.915,46.87,0,-999.0,-999.0,-999.0,-999.0,-999.0,-999.0,0.0,4.49335448722,1
100269,99.441,12.307,68.759,58.37,-999.0,-999.0,-999.0,2.824,21.089,145.311,2.282,1.348,-999.0,22.62,-0.812,-0.089,51.627,-1.216,2.706,27.116,2.376,206.689,1,71.064,1.842,-0.459,-999.0,-999.0,-999.0,71.064,0.00150270483101,0
100270,72.52,6.434,51.463,21.628,-999.0,-999.0,-999.0,2.792,21.628,52.542,1.567,1.369,-999.0,20.469,1.547,-0.383,32.073,1.961,2.378,6.524,1.93,184.684,0,-999.0,-999.0,-999.0,-999.0,-999.0,-999.0,-0.0,1.45484847268,1
100271,119.729,23.952,87.697,114.87,-999.0,-999.0,-999.0,1.736,13.257,203.494,1.51,1.412,-999.0,39.898,-0.705,0.589,60.253,-2.055,-0.502,28.884,0.08,345.657,1,103.342,-2.205,3.042,-999.0,-999.0,-999.0,103.342,0.018636116672,0
100272,-999.0,158.871,100.936,3.395,-999.0,-999.0,-999.0,1.526,3.395,125.015,0.776,-1.413,-999.0,70.384,0.798,-2.465,54.631,2.188,-1.834,118.663,0.979,103.183,0,-999.0,-999.0,-999.0,-999.0,-999.0,-999.0,0.0,0.00150187015894,0
100273,103.741,17.604,59.317,86.228,-999.0,-999.0,-999.0,2.067,32.19,123.408,1.214,1.296,-999.0,30.815,-0.083,0.331,37.408,-0.497,2.356,51.88,1.954,189.676,1,55.184,2.232,-1.253,-999.0,-999.0,-999.0,55.184,0.00150270483101,0
100274,63.467,33.514,34.928,104.363,3.33,388.324,-2.692,1.25,2.523,233.916,1.52,1.377,0.427,23.966,-1.573,-1.436,36.44,-1.252,-0.228,55.348,-0.993,262.6,2,136.8,-1.381,2.383,36.71,1.949,-0.484,173.51,0.309795155685,1
100275,64.723,76.914,55.091,1.777,-999.0,-999.0,-999.0,2.255,1.777,65.649,2.215,-1.333,-999.0,20.42,-0.648,1.516,45.229,-0.819,-0.733,34.72,2.896,77.798,0,-999.0,-999.0,-999.0,-999.0,-999.0,-999.0,-0.0,4.82971807224,1
100276,-999.0,63.975,92.267,3.615,-999.0,-999.0,-999.0,2.819,3.615,55.544,1.1,-1.405,-999.0,26.449,2.153,1.331,29.095,-0.264,2.781,38.84,-0.986,112.057,0,-999.0,-999.0,-999.0,-999.0,-999.0,-999.0,-0.0,5.91211797836,1
100277,140.133,63.278,92.949,22.716,-999.0,-999.0,-999.0,2.903,30.909,123.007,1.097,1.121,-999.0,44.096,0.242,-2.116,48.358,0.583,1.284,21.164,-2.154,202.77,1,30.552,2.779,-0.801,-999.0,-999.0,-999.0,30.552,1.86433024732,1
100278,128.884,110.247,103.608,45.158,-999.0,-999.0,-999.0,2.444,15.659,156.759,3.252,-1.256,-999.0,29.483,-0.814,0.684,95.871,-0.222,-1.688,32.321,1.733,165.946,1,31.405,0.045,1.913,-999.0,-999.0,-999.0,31.405,2.36604229186,1
100279,109.581,12.847,79.47,16.483,-999.0,-999.0,-999.0,2.969,21.683,106.847,0.909,1.411,-999.0,36.154,-1.314,2.139,32.853,-2.463,-1.407,2.263,-3.088,111.329,1,37.84,-2.824,-0.025,-999.0,-999.0,-999.0,37.84,0.00150270483101,0
100280,109.909,31.504,68.59,120.18,2.678,153.461,-1.616,1.641,43.918,175.259,1.128,1.406,0.998,42.057,-1.209,-1.322,47.434,-0.477,0.147,53.692,-0.488,221.489,2,43.987,-1.759,2.242,41.781,0.919,2.499,85.768,0.018636116672,0
100281,146.231,39.346,118.031,4.479,-999.0,-999.0,-999.0,3.03,4.479,100.896,0.977,-1.414,-999.0,51.039,0.653,1.0,49.857,-0.539,-1.786,13.455,2.772,123.822,0,-999.0,-999.0,-999.0,-999.0,-999.0,-999.0,0.0,4.73400408173,1
100282,102.321,34.501,68.191,48.128,-999.0,-999.0,-999.0,3.117,8.921,94.844,1.114,1.413,-999.0,24.12,-0.473,-0.335,26.865,-2.125,-2.978,35.297,-1.789,172.952,1,43.859,0.228,1.503,-999.0,-999.0,-999.0,43.859,1.12535009339,1
100283,90.601,57.611,64.349,18.165,-999.0,-999.0,-999.0,3.107,24.664,96.763,1.575,-1.414,-999.0,24.99,1.425,2.939,39.35,1.883,-0.134,25.719,-2.399,125.593,1,32.423,2.971,2.18,-999.0,-999.0,-999.0,32.423,0.073899129815,1
100284,99.475,11.191,60.289,123.945,0.033,30.562,0.103,1.375,29.68,197.352,0.718,1.223,0.0,55.906,-0.489,2.877,40.168,-0.654,-2.042,53.846,-2.283,281.54,2,70.734,-0.338,0.583,30.544,-0.305,-0.025,101.278,0.073899129815,1
100285,113.008,7.989,84.479,75.256,-999.0,-999.0,-999.0,2.215,5.378,155.93,2.319,0.7,-999.0,25.916,0.988,2.726,60.108,-0.407,-1.837,16.399,-1.582,235.135,1,69.905,-2.42,1.023,-999.0,-999.0,-999.0,69.905,0.00150270483101,0
100286,124.75,19.515,96.646,84.298,-999.0,-999.0,-999.0,2.395,22.988,209.586,3.054,1.358,-999.0,26.241,0.282,-2.512,80.129,1.406,1.656,14.457,2.238,204.488,1,103.217,1.053,-1.257,-999.0,-999.0,-999.0,103.217,0.00150270483101,0
100287,18.614,104.884,15.073,139.622,0.885,88.122,2.916,0.267,11.362,311.058,5.725,-0.044,0.968,23.246,1.582,0.13,133.082,1.844,0.185,23.854,2.578,212.458,2,91.241,1.322,-2.519,63.49,2.206,3.105,154.73,2.36285453969,1
100288,96.679,44.003,70.497,60.201,-999.0,-999.0,-999.0,2.463,48.372,122.898,2.338,-0.978,-999.0,20.554,-1.734,2.085,48.064,-0.396,0.017,39.773,-1.038,199.825,1,54.281,-1.418,-2.536,-999.0,-999.0,-999.0,54.281,0.018636116672,0
100289,-999.0,76.254,51.567,29.376,-999.0,-999.0,-999.0,1.763,29.376,64.868,1.063,-1.106,-999.0,31.451,-1.84,-2.348,33.417,-1.268,2.268,43.641,-0.76,133.007,0,-999.0,-999.0,-999.0,-999.0,-999.0,-999.0,-0.0,1.98531413004,1
100290,102.686,74.516,83.383,23.143,-999.0,-999.0,-999.0,2.392,23.143,74.882,1.45,-1.169,-999.0,30.566,-1.509,3.043,44.316,-0.066,1.136,31.605,-1.817,214.828,0,-999.0,-999.0,-999.0,-999.0,-999.0,-999.0,0.0,2.29202024763,1
100291,80.256,75.955,65.577,12.993,-999.0,-999.0,-999.0,2.296,12.993,68.847,2.216,-1.257,-999.0,21.406,0.541,0.567,47.441,1.661,2.571,31.208,-0.893,157.184,0,-999.0,-999.0,-999.0,-999.0,-999.0,-999.0,0.0,2.43047792328,1
100292,-999.0,56.121,55.569,2.79,-999.0,-999.0,-999.0,2.138,2.79,57.015,0.911,-1.414,-999.0,29.84,0.987,1.91,27.175,-0.08,-2.521,36.311,-0.312,83.822,0,-999.0,-999.0,-999.0,-999.0,-999.0,-999.0,0.0,4.57983668253,1
100293,-999.0,95.014,33.263,3.094,-999.0,-999.0,-999.0,1.117,3.094,63.336,1.937,-1.361,-999.0,21.568,-1.086,1.767,41.768,-0.369,2.624,55.269,-0.818,120.039,0,-999.0,-999.0,-999.0,-999.0,-999.0,-999.0,0.0,2.23951063794,1
100294,90.925,6.6,57.152,35.935,-999.0,-999.0,-999.0,2.701,7.204,101.601,1.152,1.285,-999.0,27.214,1.934,0.458,31.364,2.072,-3.128,25.25,2.92,137.314,1,43.023,-0.502,-0.464,-999.0,-999.0,-999.0,43.023,0.018636116672,0
100295,131.087,25.25,85.624,82.271,0.334,77.456,0.151,2.151,29.478,181.464,0.885,1.387,0.0,47.908,0.321,2.731,42.378,1.219,0.776,33.005,1.465,227.234,2,51.466,-0.589,-2.223,39.712,-0.256,-0.293,91.177,0.00265331133733,0
100296,126.883,74.961,61.247,151.523,5.879,1325.068,-8.079,1.48,20.057,249.828,1.322,1.218,0.743,38.822,-0.418,-2.45,51.318,-0.854,2.418,89.142,-2.69,249.02,2,117.972,3.689,0.381,41.717,-2.19,-0.835,159.688,0.00150270483101,0
100297,125.646,39.399,96.666,37.617,-999.0,-999.0,-999.0,2.462,1.313,138.2,1.444,-1.328,-999.0,40.622,1.513,0.801,58.661,2.203,-3.119,19.82,-1.887,121.371,1,38.917,1.48,-0.236,-999.0,-999.0,-999.0,38.917,0.00265331133733,0
100298,77.415,38.665,59.549,1.056,-999.0,-999.0,-999.0,2.736,1.056,60.5,1.253,-1.404,-999.0,26.853,-0.875,-0.821,33.647,-1.189,1.896,13.379,-2.095,99.297,0,-999.0,-999.0,-999.0,-999.0,-999.0,-999.0,-0.0,4.41833095473,1
100299,-999.0,62.898,82.669,4.11,-999.0,-999.0,-999.0,2.78,4.11,52.825,1.454,-1.406,-999.0,21.523,0.287,-2.685,31.302,-2.025,2.055,35.402,-0.419,104.817,0,-999.0,-999.0,-999.0,-999.0,-999.0,-999.0,0.0,6.12788489048,1
100300,148.436,43.251,118.888,30.788,-999.0,-999.0,-999.0,2.917,30.788,83.503,1.313,-1.325,-999.0,36.108,-0.25,-1.192,47.395,1.692,0.984,22.872,2.418,103.101,0,-999.0,-999.0,-999.0,-999.0,-999.0,-999.0,0.0,1.21498080511,1
100301,139.057,75.401,107.797,35.663,-999.0,-999.0,-999.0,3.085,2.753,143.467,2.741,-1.407,-999.0,28.208,0.724,0.006,77.329,1.846,2.879,21.474,-1.041,99.386,1,37.93,2.542,-0.09,-999.0,-999.0,-999.0,37.93,2.50301588656,1
100302,105.183,52.973,75.095,117.176,1.546,103.296,2.658,1.723,2.99,228.056,0.347,0.64,0.111,80.652,-1.323,-2.137,28.019,-0.658,-0.548,37.746,-2.451,270.33,2,67.706,-1.031,1.012,51.68,-2.577,1.265,119.386,1.45484847268,1
100303,162.246,34.05,108.541,49.507,-999.0,-999.0,-999.0,3.145,2.658,142.949,0.494,1.414,-999.0,61.558,0.632,1.874,30.417,-0.794,-0.928,24.098,0.432,174.638,1,50.974,2.051,-1.981,-999.0,-999.0,-999.0,50.974,0.018636116672,0
100304,83.93,15.89,53.091,46.504,0.829,92.345,-0.002,2.339,46.457,138.612,1.143,1.372,0.0,25.18,-1.747,-1.733,28.77,-0.913,2.365,22.075,3.007,267.216,2,45.599,0.827,-2.341,39.063,-0.002,0.449,84.662,1.37339094711,1
100305,63.293,63.185,53.405,42.552,-999.0,-999.0,-999.0,1.594,42.552,68.236,1.645,-0.885,-999.0,25.802,-1.25,-1.548,42.433,-2.427,-2.623,33.992,1.695,170.964,0,-999.0,-999.0,-999.0,-999.0,-999.0,-999.0,0.0,2.23516178241,1
100306,143.269,11.788,92.865,103.292,4.098,575.965,-3.336,2.039,3.308,287.725,1.379,0.731,0.752,46.397,1.947,2.942,63.965,2.023,0.905,56.71,0.709,354.549,2,138.876,-1.12,-2.112,38.487,2.978,0.534,177.363,0.00150270483101,0
100307,106.869,17.938,55.728,120.847,-999.0,-999.0,-999.0,1.583,17.439,188.668,0.844,1.288,-999.0,42.556,1.671,-1.946,35.926,1.795,2.759,69.392,3.12,242.408,1,110.186,2.431,0.325,-999.0,-999.0,-999.0,110.186,0.073899129815,1
100308,125.345,4.9,81.668,74.405,-999.0,-999.0,-999.0,2.259,2.939,154.649,0.987,1.123,-999.0,39.936,0.22,1.562,39.408,-0.948,-2.789,36.424,-2.918,244.634,1,75.305,-1.138,-0.21,-999.0,-999.0,-999.0,75.305,1.45484847268,1
100309,116.256,63.436,74.292,4.236,-999.0,-999.0,-999.0,3.072,4.236,72.252,1.654,-1.335,-999.0,27.221,0.992,2.417,45.031,1.7,-0.877,22.448,2.126,59.815,0,-999.0,-999.0,-999.0,-999.0,-999.0,-999.0,0.0,4.83356560024,1
100310,121.261,66.777,69.124,31.727,-999.0,-999.0,-999.0,2.977,31.727,74.642,2.202,1.412,-999.0,23.312,0.3,-2.447,51.33,0.161,0.863,28.76,2.969,152.117,0,-999.0,-999.0,-999.0,-999.0,-999.0,-999.0,0.0,2.17921762011,1
100311,87.604,28.921,49.189,139.196,1.325,175.466,-0.37,1.4,39.423,308.182,2.056,1.413,0.946,24.557,-1.071,0.297,50.493,-0.106,-0.717,72.861,-0.235,347.682,3,144.005,-0.925,2.879,47.204,0.4,1.11,233.132,0.00150187015894,0
100312,97.65,6.325,71.418,94.997,-999.0,-999.0,-999.0,1.58,29.169,161.427,0.575,0.695,-999.0,57.436,-0.054,-0.93,33.031,-1.346,-1.84,18.146,-2.099,225.785,1,70.96,1.44,1.543,-999.0,-999.0,-999.0,70.96,0.018636116672,0
100313,172.079,102.105,85.467,74.203,3.602,450.124,-2.435,2.756,50.079,232.352,1.308,1.373,0.574,37.082,0.929,-1.416,48.515,0.443,2.155,67.487,-1.924,342.572,2,85.601,0.902,0.945,61.154,-2.701,-1.868,146.755,0.073899129815,1
100314,264.828,2.922,154.438,90.181,0.29,86.706,2.408,3.04,7.666,225.965,0.376,1.084,0.0,72.331,-1.821,-2.55,27.183,0.629,1.935,40.781,2.022,247.4,2,90.764,-1.704,0.203,35.686,-1.414,-1.439,126.451,1.45484847268,1
100315,106.933,23.112,74.972,30.139,-999.0,-999.0,-999.0,2.727,8.67,116.285,1.45,1.413,-999.0,31.785,1.403,-1.028,46.089,1.324,1.698,9.69,0.541,167.546,1,38.411,0.862,-2.324,-999.0,-999.0,-999.0,38.411,1.68161144262,1
100316,94.233,40.107,65.852,45.725,-999.0,-999.0,-999.0,2.99,2.528,113.899,1.877,1.414,-999.0,23.663,-0.727,-0.601,44.419,-0.335,2.718,29.946,-2.4,96.87,1,45.817,-2.858,0.398,-999.0,-999.0,-999.0,45.817,0.00150270483101,0
100317,157.949,85.08,123.101,48.642,-999.0,-999.0,-999.0,3.167,15.462,143.637,0.772,-1.411,-999.0,55.669,1.886,2.419,43.002,0.453,-0.405,54.328,-2.558,271.281,1,44.965,1.977,-0.113,-999.0,-999.0,-999.0,44.965,2.04756318795,1
100318,114.36,30.023,90.732,21.152,-999.0,-999.0,-999.0,2.809,21.152,84.345,1.478,-1.408,-999.0,34.034,0.564,-2.56,50.311,1.554,1.094,5.737,-1.072,142.452,0,-999.0,-999.0,-999.0,-999.0,-999.0,-999.0,0.0,0.018636116672,0
100319,99.569,10.435,81.431,435.695,1.407,451.641,0.514,0.527,32.233,1062.665,0.197,1.414,0.0,352.608,1.21,-2.588,69.328,1.138,-2.066,21.836,-2.335,1069.999,3,406.435,-0.301,0.405,132.52,-1.708,1.67,640.728,0.0640607773058,1
100320,94.85,43.048,63.079,29.63,0.039,213.357,0.356,2.781,2.258,276.262,1.09,1.401,0.0,30.222,1.76,0.916,32.949,2.133,-1.84,19.87,0.159,335.909,2,106.566,0.577,1.486,106.525,0.616,-1.941,213.091,1.45484847268,1
100321,97.881,11.288,71.38,24.372,-999.0,-999.0,-999.0,3.09,24.372,69.508,1.031,-1.404,-999.0,34.229,-1.814,-2.111,35.279,-2.285,1.119,24.201,0.73,113.386,0,-999.0,-999.0,-999.0,-999.0,-999.0,-999.0,0.0,0.018636116672,0
100322,128.701,10.607,81.955,158.934,5.865,1270.326,-8.023,1.441,27.316,335.514,1.018,1.169,0.999,58.825,-0.128,-0.826,59.898,-0.846,-2.075,66.576,-1.907,333.274,3,108.072,2.173,1.671,42.602,-3.691,1.667,216.791,0.00150270483101,0
100323,-999.0,60.117,42.002,2.538,-999.0,-999.0,-999.0,1.707,2.538,54.744,1.0,-1.414,-999.0,27.37,1.194,1.099,27.374,0.756,-0.55,39.609,-2.851,93.473,0,-999.0,-999.0,-999.0,-999.0,-999.0,-999.0,-0.0,4.28141891816,1
100324,82.775,22.155,62.127,1.007,-999.0,-999.0,-999.0,2.972,1.007,60.189,1.063,-1.414,-999.0,29.177,0.765,2.658,31.012,1.317,-0.261,5.921,-2.175,51.213,0,-999.0,-999.0,-999.0,-999.0,-999.0,-999.0,0.0,1.68161144262,1
100325,90.584,9.268,53.234,0.531,-999.0,-999.0,-999.0,3.093,0.531,52.845,0.986,-1.414,-999.0,26.605,-0.231,2.858,26.24,-0.472,-0.226,2.099,-1.574,43.843,0,-999.0,-999.0,-999.0,-999.0,-999.0,-999.0,0.0,1.68161144262,1
100326,192.323,68.182,151.7,17.151,-999.0,-999.0,-999.0,2.708,17.151,154.695,0.9,-1.413,-999.0,81.431,-1.325,-0.434,73.264,-1.102,-3.133,22.549,1.16,271.571,0,-999.0,-999.0,-999.0,-999.0,-999.0,-999.0,-0.0,1.7872329602,1
100327,110.875,41.68,64.316,73.225,2.068,346.26,-1.067,2.353,40.724,340.4,1.069,-0.945,0.291,32.44,-1.807,-1.044,34.689,-1.196,1.229,77.105,2.058,324.353,3,155.923,0.986,-0.658,78.908,-1.082,3.086,273.272,0.0713571365583,1
100328,-999.0,101.979,114.931,4.647,-999.0,-999.0,-999.0,2.167,54.795,186.994,0.949,-1.411,-999.0,66.685,-1.764,2.781,63.305,-1.856,-1.337,60.614,0.597,196.872,1,57.005,2.573,1.077,-999.0,-999.0,-999.0,57.005,0.00150270483101,0
100329,102.043,46.441,56.165,79.045,1.43,163.757,0.228,2.27,27.002,216.291,1.295,1.414,0.945,26.906,-1.028,1.908,34.844,-0.69,-0.337,52.097,0.816,312.364,2,104.097,-0.145,-2.036,50.443,-1.575,2.441,154.54,0.00150270483101,0
100330,-999.0,83.379,40.249,33.631,-999.0,-999.0,-999.0,1.093,33.631,78.808,0.657,-1.162,-999.0,47.549,-1.342,0.357,31.259,-1.118,1.426,55.894,-1.86,147.663,0,-999.0,-999.0,-999.0,-999.0,-999.0,-999.0,0.0,1.77942363553,1
100331,-999.0,163.845,79.83,27.628,-999.0,-999.0,-999.0,2.04,27.628,97.198,2.996,-1.089,-999.0,24.325,-0.223,-3.083,72.873,-1.297,-1.349,92.299,1.699,208.981,0,-999.0,-999.0,-999.0,-999.0,-999.0,-999.0,-0.0,2.51771637104,1
100332,120.988,30.019,83.924,23.862,-999.0,-999.0,-999.0,2.584,23.862,78.533,0.683,-1.103,-999.0,46.656,-0.141,0.439,31.877,0.964,-1.897,38.095,-2.787,112.026,0,-999.0,-999.0,-999.0,-999.0,-999.0,-999.0,0.0,0.00150270483101,0
100333,95.291,46.644,57.742,2.9,-999.0,-999.0,-999.0,3.175,2.9,54.42,1.657,-1.164,-999.0,20.484,-1.004,2.12,33.937,-0.136,-0.934,16.029,2.227,116.649,0,-999.0,-999.0,-999.0,-999.0,-999.0,-999.0,0.0,4.93930774041,1
100334,93.548,9.499,68.26,27.538,-999.0,-999.0,-999.0,2.697,27.538,69.688,1.28,-0.771,-999.0,30.563,-0.725,0.384,39.125,-0.399,-2.293,15.773,-2.678,120.013,0,-999.0,-999.0,-999.0,-999.0,-999.0,-999.0,0.0,1.68161144262,1
100335,96.578,13.216,68.505,1.728,-999.0,-999.0,-999.0,3.031,1.728,67.264,0.832,-1.412,-999.0,36.717,0.523,-0.856,30.547,0.075,2.142,6.957,3.083,75.259,0,-999.0,-999.0,-999.0,-999.0,-999.0,-999.0,0.0,0.018636116672,0
100336,109.223,103.0,74.376,23.642,-999.0,-999.0,-999.0,2.946,23.642,82.83,2.746,1.334,-999.0,22.111,0.871,-2.988,60.719,1.274,-0.07,45.662,-2.792,232.292,0,-999.0,-999.0,-999.0,-999.0,-999.0,-999.0,0.0,5.04203052549,1
100337,235.051,73.745,116.246,60.977,-999.0,-999.0,-999.0,3.922,0.224,120.072,0.881,1.396,-999.0,31.528,-1.654,-1.817,27.785,0.94,1.525,54.611,-2.274,122.211,1,60.759,-2.72,0.817,-999.0,-999.0,-999.0,60.759,2.62322555294,1
100338,82.6,28.334,61.884,2.066,-999.0,-999.0,-999.0,2.899,2.066,62.029,1.089,-1.409,-999.0,29.695,0.836,2.471,32.334,1.053,-0.42,7.543,-2.693,86.68,0,-999.0,-999.0,-999.0,-999.0,-999.0,-999.0,0.0,4.27928683035,1
100339,101.892,4.491,74.266,210.224,1.895,341.207,-0.04,1.047,105.592,604.719,0.199,0.763,0.186,156.023,-0.581,-1.823,31.004,0.302,-1.261,32.286,-1.119,658.406,3,162.554,0.021,1.532,109.038,-1.874,0.105,417.692,0.00150187015894,0
100340,130.516,9.963,61.25,201.549,-999.0,-999.0,-999.0,1.283,1.759,292.299,0.601,0.957,-999.0,57.66,0.303,-1.411,34.664,-0.97,-1.256,109.591,-1.418,309.702,1,199.976,0.595,1.757,-999.0,-999.0,-999.0,199.976,0.00265331133733,0
100341,172.846,12.308,122.116,0.686,-999.0,-999.0,-999.0,3.022,0.686,124.454,0.689,-1.388,-999.0,73.685,0.2,0.323,50.769,0.22,-2.698,23.502,-3.056,130.908,0,-999.0,-999.0,-999.0,-999.0,-999.0,-999.0,0.0,0.018636116672,0
100342,81.9,65.285,62.872,14.895,1.321,116.742,0.487,1.96,27.253,174.291,1.24,-1.397,0.994,32.264,1.759,1.854,40.001,1.012,-2.618,30.282,-0.184,380.894,2,70.75,1.621,0.173,31.277,0.3,-2.855,102.027,0.988269520247,1
100343,94.939,48.136,78.86,1.773,-999.0,-999.0,-999.0,3.009,1.773,62.418,1.394,-1.402,-999.0,26.075,0.815,2.313,36.343,2.35,-0.275,19.267,-2.56,68.76,0,-999.0,-999.0,-999.0,-999.0,-999.0,-999.0,0.0,5.36081959839,1
100344,111.358,16.334,69.389,45.549,-999.0,-999.0,-999.0,2.475,45.549,63.541,0.917,-0.003,-999.0,33.149,-1.983,1.28,30.391,-0.765,-2.849,36.645,-2.354,258.566,0,-999.0,-999.0,-999.0,-999.0,-999.0,-999.0,0.0,2.12776790087,1
100345,136.16,50.932,93.738,0.971,-999.0,-999.0,-999.0,3.228,0.971,88.263,1.314,-1.406,-999.0,38.147,-0.198,-1.002,50.116,0.555,2.138,12.941,-1.014,89.25,0,-999.0,-999.0,-999.0,-999.0,-999.0,-999.0,0.0,0.018636116672,0
100346,-999.0,65.461,77.352,0.547,-999.0,-999.0,-999.0,2.552,0.547,61.927,1.257,-1.403,-999.0,27.434,-0.523,0.392,34.493,-2.226,2.292,36.275,-1.627,50.919,0,-999.0,-999.0,-999.0,-999.0,-999.0,-999.0,0.0,5.41877215357,1
100347,104.64,71.441,72.174,0.077,-999.0,-999.0,-999.0,2.73,0.077,76.611,1.815,-1.358,-999.0,27.214,-0.879,1.52,49.397,-1.098,-1.201,27.028,2.365,91.01,0,-999.0,-999.0,-999.0,-999.0,-999.0,-999.0,0.0,0.00265331133733,0
100348,103.295,41.007,84.784,26.987,-999.0,-999.0,-999.0,2.412,26.987,86.128,1.073,-1.35,-999.0,41.552,-1.187,-2.502,44.576,-1.911,-0.201,10.16,2.398,134.397,0,-999.0,-999.0,-999.0,-999.0,-999.0,-999.0,0.0,1.68161144262,1
100349,67.425,44.316,53.599,0.838,-999.0,-999.0,-999.0,2.633,0.838,55.995,1.452,-1.389,-999.0,22.836,0.68,-2.66,33.159,0.451,-0.038,16.701,2.417,47.093,0,-999.0,-999.0,-999.0,-999.0,-999.0,-999.0,-0.0,4.51395285729,1
100350,-999.0,86.317,73.988,0.555,-999.0,-999.0,-999.0,2.532,0.555,79.536,2.06,-1.338,-999.0,25.99,-2.076,2.179,53.546,-1.467,-1.647,36.725,1.031,60.21,0,-999.0,-999.0,-999.0,-999.0,-999.0,-999.0,-0.0,4.95009575132,1
100351,173.952,40.818,123.2,8.81,4.641,431.14,-5.381,3.385,36.152,202.68,0.896,-1.412,0.92,44.532,1.259,1.692,39.907,-0.611,-1.129,14.483,3.126,274.921,3,50.845,-2.26,-2.642,34.852,2.381,-0.481,118.242,0.0713571365583,1
100352,73.045,48.005,43.578,144.614,3.425,346.612,-1.545,1.053,51.592,212.209,0.617,0.686,0.417,52.959,-0.269,-2.6,32.699,0.423,-1.805,70.826,-2.85,402.007,2,73.709,0.535,1.264,52.842,-2.891,-0.228,126.551,0.0713571365583,1
100353,92.503,25.976,65.617,32.744,-999.0,-999.0,-999.0,2.408,24.902,111.547,0.831,1.023,-999.0,36.389,1.124,-2.011,30.237,0.367,1.986,6.795,-2.029,159.84,1,44.921,-1.915,-0.22,-999.0,-999.0,-999.0,44.921,1.68161144262,1
100354,171.503,13.451,98.65,66.896,-999.0,-999.0,-999.0,2.563,7.693,190.989,0.318,1.332,-999.0,90.235,-0.137,2.595,28.721,0.183,0.052,37.1,0.467,395.713,1,72.033,-0.42,-1.423,-999.0,-999.0,-999.0,72.033,0.018636116672,0
100355,-999.0,88.716,86.763,35.713,-999.0,-999.0,-999.0,2.343,35.091,117.577,0.745,-1.345,-999.0,45.006,-1.291,-2.633,33.541,0.141,1.796,62.784,-0.828,272.055,1,39.03,-2.563,0.476,-999.0,-999.0,-999.0,39.03,2.12651327134,1
100356,271.049,108.273,198.046,28.46,-999.0,-999.0,-999.0,3.739,28.46,124.33,1.251,-1.353,-999.0,55.232,0.349,2.177,69.098,2.448,-0.918,42.445,2.277,217.088,0,-999.0,-999.0,-999.0,-999.0,-999.0,-999.0,0.0,5.77638602748,1
100357,101.209,17.212,78.806,59.027,-999.0,-999.0,-999.0,2.032,1.291,149.589,1.675,-0.254,-999.0,34.122,0.797,1.141,57.153,0.082,-0.761,9.668,-1.511,161.879,1,58.313,1.266,2.849,-999.0,-999.0,-999.0,58.313,1.68161144262,1
100358,-999.0,83.245,33.679,0.757,-999.0,-999.0,-999.0,1.127,0.757,61.813,1.219,-1.407,-999.0,27.857,-1.727,0.386,33.956,-2.249,-0.613,53.603,2.972,64.653,0,-999.0,-999.0,-999.0,-999.0,-999.0,-999.0,0.0,2.01802714706,1
100359,123.084,58.017,76.298,30.579,-999.0,-999.0,-999.0,2.853,12.161,108.441,2.225,1.346,-999.0,23.433,0.907,1.291,52.137,1.851,-1.402,19.378,0.898,119.834,1,32.87,0.894,3.055,-999.0,-999.0,-999.0,32.87,0.018636116672,0
100360,-999.0,75.635,13.026,79.225,-999.0,-999.0,-999.0,0.474,30.122,109.096,1.802,-0.017,-999.0,20.191,0.518,-0.978,36.385,0.841,-0.629,63.324,-2.444,236.905,1,52.52,-0.121,1.688,-999.0,-999.0,-999.0,52.52,2.03350695429,1
100361,118.548,63.69,83.201,1.605,-999.0,-999.0,-999.0,3.341,1.605,67.998,2.019,-1.302,-999.0,22.522,0.615,-2.578,45.475,2.131,0.728,22.368,-2.303,72.75,0,-999.0,-999.0,-999.0,-999.0,-999.0,-999.0,0.0,2.56615338527,1
100362,75.359,57.392,61.056,11.612,-999.0,-999.0,-999.0,2.06,11.612,61.248,0.999,-1.412,-999.0,30.643,2.309,-1.735,30.606,1.023,2.939,31.049,0.545,198.099,0,-999.0,-999.0,-999.0,-999.0,-999.0,-999.0,0.0,4.82981139999,1
100363,55.982,75.055,50.531,24.225,-999.0,-999.0,-999.0,2.062,25.711,93.107,1.487,-1.04,-999.0,20.449,0.973,-1.555,30.405,-0.382,0.0,46.338,3.101,170.464,1,42.253,1.192,1.454,-999.0,-999.0,-999.0,42.253,1.12538749815,1
100364,109.678,5.667,58.808,92.588,-999.0,-999.0,-999.0,2.416,27.883,140.824,1.671,1.128,-999.0,23.229,0.531,2.039,38.819,-0.143,-0.28,66.715,-0.169,153.302,1,78.776,-1.75,2.844,-999.0,-999.0,-999.0,78.776,0.00150270483101,0
100365,149.794,0.221,104.967,71.236,-999.0,-999.0,-999.0,2.164,35.655,161.795,0.744,1.007,-999.0,67.768,-0.675,1.058,50.401,-0.261,-1.066,26.817,-1.06,195.162,1,43.625,2.633,2.615,-999.0,-999.0,-999.0,43.625,0.00150270483101,0
100366,94.814,12.303,64.346,68.485,-999.0,-999.0,-999.0,2.453,2.483,137.625,2.34,1.274,-999.0,21.41,-1.137,1.343,50.091,-1.775,-1.026,30.718,-0.711,210.963,1,66.124,-2.306,2.47,-999.0,-999.0,-999.0,66.124,0.018636116672,0
100367,191.758,4.363,127.846,97.149,2.392,278.465,-0.512,2.44,24.424,320.63,0.279,0.801,0.299,101.3,-1.253,2.656,28.213,0.356,0.823,23.577,0.653,477.694,2,151.702,0.237,-1.04,39.414,-2.155,1.634,191.116,0.897674620591,1
100368,92.945,12.796,69.182,128.607,3.805,842.146,-3.078,1.273,33.609,441.513,2.043,0.709,0.218,39.551,2.19,-2.584,80.796,1.612,-1.45,28.95,-1.185,412.002,3,217.017,1.167,1.736,70.039,-2.638,-0.849,321.166,0.307169523947,1
100369,66.287,10.627,50.341,65.676,-999.0,-999.0,-999.0,1.566,65.676,68.082,1.381,0.556,-999.0,28.593,-0.544,2.711,39.489,-1.363,-2.237,17.538,-1.83,177.427,0,-999.0,-999.0,-999.0,-999.0,-999.0,-999.0,0.0,0.00150270483101,0
100370,81.861,44.626,52.69,24.399,-999.0,-999.0,-999.0,2.483,24.399,56.275,1.362,0.923,-999.0,23.824,-0.577,-2.143,32.451,-0.674,1.659,16.901,-2.099,110.728,0,-999.0,-999.0,-999.0,-999.0,-999.0,-999.0,0.0,1.68161144262,1
100371,106.699,20.778,78.834,21.736,-999.0,-999.0,-999.0,2.498,21.736,87.158,0.514,-1.278,-999.0,57.568,-0.952,-0.967,29.589,-0.702,2.831,17.431,1.88,123.541,0,-999.0,-999.0,-999.0,-999.0,-999.0,-999.0,-0.0,0.00150270483101,0
100372,133.594,66.06,101.26,13.499,0.313,104.836,5.894,2.607,9.843,208.51,1.421,-1.411,0.0,43.418,-0.666,2.438,61.685,-0.302,-0.143,23.768,-2.224,371.728,2,55.965,-2.589,1.698,47.442,-2.276,-1.601,103.407,1.95440438939,1
100373,130.417,81.957,77.468,12.876,-999.0,-999.0,-999.0,3.188,12.876,66.709,2.195,-1.375,-999.0,20.877,-0.044,1.127,45.832,1.368,-2.298,38.104,0.449,171.898,0,-999.0,-999.0,-999.0,-999.0,-999.0,-999.0,0.0,5.65710276438,1
100374,88.21,22.962,62.544,36.649,-999.0,-999.0,-999.0,2.535,36.512,134.354,1.604,-1.072,-999.0,24.098,0.207,-2.59,38.661,-0.621,-0.194,22.514,0.606,168.341,1,71.595,0.618,2.736,-999.0,-999.0,-999.0,71.595,1.68161144262,1
100375,120.644,31.335,85.816,259.549,-999.0,-999.0,-999.0,0.908,48.202,445.472,0.405,1.339,-999.0,150.584,-0.849,-1.25,61.024,-1.333,-2.019,60.57,-1.498,552.704,1,233.864,1.305,1.504,-999.0,-999.0,-999.0,233.864,0.00150270483101,0
100376,133.178,34.816,83.263,20.445,-999.0,-999.0,-999.0,2.304,20.445,100.015,0.369,-1.016,-999.0,73.047,-0.843,0.402,26.968,-0.332,-1.845,58.531,-2.752,234.256,0,-999.0,-999.0,-999.0,-999.0,-999.0,-999.0,-0.0,0.00150270483101,0
100377,125.75,9.241,65.106,88.021,0.465,89.542,-0.046,1.974,23.957,190.839,0.484,1.206,0.732,55.561,-0.083,1.714,26.917,0.221,-2.619,54.9,-2.86,215.286,2,75.676,-0.141,0.011,32.685,0.323,-2.068,108.361,0.00265331133733,0
100378,116.742,9.809,81.766,118.019,-999.0,-999.0,-999.0,1.799,28.246,187.159,1.982,1.185,-999.0,32.637,-0.483,1.935,64.683,0.718,0.595,39.838,0.789,278.205,1,89.839,1.752,-2.224,-999.0,-999.0,-999.0,89.839,0.00150270483101,0
100379,-999.0,66.961,57.687,1.615,-999.0,-999.0,-999.0,2.109,1.615,58.207,1.298,-1.395,-999.0,25.329,-0.526,0.602,32.878,0.702,2.315,38.187,-1.494,48.004,0,-999.0,-999.0,-999.0,-999.0,-999.0,-999.0,0.0,5.01726478182,1
100380,231.308,62.544,177.329,1.547,-999.0,-999.0,-999.0,3.964,1.547,80.553,1.452,-1.396,-999.0,32.846,-0.797,-0.764,47.707,2.104,1.937,23.425,-1.927,122.874,0,-999.0,-999.0,-999.0,-999.0,-999.0,-999.0,-0.0,6.56537092991,1
100381,165.328,63.613,96.864,23.427,-999.0,-999.0,-999.0,3.628,23.427,54.621,1.311,-1.251,-999.0,23.64,1.231,1.855,30.981,-1.157,-0.876,32.894,2.436,173.97,0,-999.0,-999.0,-999.0,-999.0,-999.0,-999.0,0.0,0.00150270483101,0
100382,-999.0,95.245,62.337,34.372,-999.0,-999.0,-999.0,2.059,40.094,89.357,1.192,-0.984,-999.0,24.083,2.105,-1.204,28.703,0.146,-0.569,79.015,2.582,281.381,1,36.571,2.383,1.083,-999.0,-999.0,-999.0,36.571,2.41463170051,1
100383,70.582,12.478,43.687,77.321,4.77,589.691,-5.524,1.546,39.166,177.606,0.836,1.317,0.945,33.975,0.429,-0.627,28.412,0.159,-2.149,33.855,-1.744,197.754,2,75.816,1.979,1.23,39.403,-2.792,1.82,115.219,0.073899129815,1
100384,221.849,89.682,188.908,34.451,-999.0,-999.0,-999.0,3.148,9.825,135.168,1.174,-1.267,-999.0,46.953,-2.367,-2.573,55.146,0.217,1.912,37.54,-0.889,230.561,1,33.069,-4.265,0.361,-999.0,-999.0,-999.0,33.069,2.76498905237,1
100385,91.675,51.258,65.767,7.537,2.56,132.116,1.098,3.101,4.627,134.674,1.531,-1.413,0.0,26.566,-1.951,-0.995,40.671,-1.894,2.188,17.288,-0.435,161.652,2,34.531,0.374,3.11,32.905,2.934,-0.157,67.437,2.04246765443,1
100386,138.817,52.853,105.093,50.353,-999.0,-999.0,-999.0,2.975,29.54,116.449,1.504,-0.448,-999.0,21.993,1.93,0.484,33.078,-0.848,-0.58,42.922,-2.135,243.77,1,61.378,-1.801,1.573,-999.0,-999.0,-999.0,61.378,2.81774478763,1
100387,97.289,20.061,63.15,56.342,0.346,188.257,0.42,2.279,4.134,255.712,1.273,-0.062,0.0,28.931,1.258,2.543,36.841,2.052,0.406,40.314,-0.12,260.913,2,95.999,-0.843,-1.425,93.94,-0.498,2.274,189.939,1.37339094711,1
100388,86.801,8.065,60.626,21.851,-999.0,-999.0,-999.0,2.894,21.851,61.175,1.217,1.381,-999.0,27.597,1.172,2.072,33.578,1.338,-0.817,12.56,-0.422,152.573,0,-999.0,-999.0,-999.0,-999.0,-999.0,-999.0,0.0,1.45484847268,1
100389,-999.0,74.707,51.065,1.122,-999.0,-999.0,-999.0,1.864,1.122,62.801,1.553,-1.386,-999.0,24.602,-2.104,-1.583,38.199,-1.478,0.172,40.495,2.677,94.806,0,-999.0,-999.0,-999.0,-999.0,-999.0,-999.0,0.0,4.73050599311,1
100390,96.872,49.051,66.334,12.276,-999.0,-999.0,-999.0,2.81,12.276,67.502,1.191,-1.192,-999.0,30.813,2.306,0.999,36.688,2.323,-2.475,16.429,0.576,148.984,0,-999.0,-999.0,-999.0,-999.0,-999.0,-999.0,0.0,0.073899129815,1
100391,203.306,61.966,172.312,1.446,-999.0,-999.0,-999.0,4.2,1.446,61.58,1.65,-1.378,-999.0,23.238,-1.944,-2.928,38.342,1.517,-0.549,28.062,1.924,56.426,0,-999.0,-999.0,-999.0,-999.0,-999.0,-999.0,0.0,1.68161144262,1
100392,99.658,56.075,62.262,25.888,-999.0,-999.0,-999.0,3.292,25.888,56.943,1.755,1.414,-999.0,20.667,-2.308,1.277,36.276,-1.273,-1.848,29.174,0.23,84.2,0,-999.0,-999.0,-999.0,-999.0,-999.0,-999.0,0.0,5.12366902494,1
100393,85.798,25.145,56.916,8.677,-999.0,-999.0,-999.0,3.084,8.677,56.492,1.023,1.414,-999.0,27.924,-0.672,-0.696,28.568,-0.42,2.378,7.28,0.26,136.897,0,-999.0,-999.0,-999.0,-999.0,-999.0,-999.0,0.0,0.018636116672,0
100394,-999.0,102.487,131.878,3.508,-999.0,-999.0,-999.0,2.441,3.508,139.539,1.157,-1.412,-999.0,64.696,-0.717,-1.356,74.842,-0.427,2.503,47.49,0.434,163.411,0,-999.0,-999.0,-999.0,-999.0,-999.0,-999.0,0.0,4.34368699866,1
100395,148.631,20.497,103.881,64.576,-999.0,-999.0,-999.0,2.623,24.5,197.22,1.551,1.356,-999.0,42.43,-0.053,-1.915,65.812,0.342,1.775,27.808,2.259,186.961,1,88.979,3.226,-0.763,-999.0,-999.0,-999.0,88.979,0.00150270483101,0
100396,346.264,7.368,249.148,54.98,-999.0,-999.0,-999.0,4.372,4.052,139.808,1.824,0.548,-999.0,28.635,-2.127,1.229,52.23,1.564,-1.115,20.938,-1.339,139.853,1,58.943,1.578,2.304,-999.0,-999.0,-999.0,58.943,3.15935520128,1
100397,-999.0,78.504,81.141,2.338,-999.0,-999.0,-999.0,2.163,2.338,91.882,0.994,-1.414,-999.0,46.086,0.324,1.516,45.796,0.279,-2.604,45.221,-0.523,102.555,0,-999.0,-999.0,-999.0,-999.0,-999.0,-999.0,0.0,1.88966289288,1
100398,133.035,48.038,90.608,76.188,3.705,356.622,-2.872,2.298,10.095,216.445,1.579,1.413,0.715,38.178,-0.262,1.429,60.269,0.326,-2.632,30.561,2.463,232.837,2,79.732,1.104,-0.993,38.266,-2.601,1.035,117.997,0.00150270483101,0